last_name, first_name,player_id,year,p_game,p_formatted_ip,pa,ab,hit,home_run,strikeout,walk,p_earned_run,p_run,p_save,p_blown_save,p_win,p_loss,p_balk,p_era,
Colon, Bartolo,112526,2015,33,194.2,815,771,217,25,136,24,90,94,0,0,14,13,0,4.16,
Burnett, A.J.,150359,2015,26,164.0,699,633,174,11,143,49,58,64,0,0,9,7,1,3.18,
Hudson, Tim,218596,2015,24,123.2,525,476,134,13,64,37,61,62,0,0,8,9,0,4.44,
Buehrle, Mark,279824,2015,32,198.2,827,768,214,22,91,33,84,100,0,0,15,8,0,3.81,
Sabathia, CC,282332,2015,29,167.1,726,659,188,28,137,50,88,92,0,0,6,10,1,4.73,
Vogelsong, Ryan,285064,2015,33,135.0,598,528,140,17,108,58,70,76,0,1,9,11,0,4.67,
Dickey, R.A.,285079,2015,33,214.1,884,798,195,25,126,61,93,97,0,0,11,11,2,3.91,
Lohse, Kyle,346798,2015,37,152.1,665,607,180,29,108,43,99,99,2,0,5,13,0,5.85,
Lackey, John,407793,2015,33,218.0,896,824,211,21,175,53,67,71,0,0,13,10,3,2.77,
De La Rosa, Jorge,407822,2015,26,149.0,634,554,137,17,134,65,69,73,0,0,9,7,2,4.17,
Lewis, Colby,407890,2015,33,204.2,859,793,211,26,142,42,106,114,0,0,17,9,0,4.66,
Harang, Aaron,421685,2015,29,172.1,748,681,189,26,108,51,93,100,0,0,6,15,0,4.86,
Guthrie, Jeremy,425386,2015,30,148.1,664,600,186,29,84,44,98,101,0,0,8,8,0,5.95,
Williams, Jerome,425532,2015,33,121.0,553,508,161,22,74,34,78,83,1,1,4,12,0,5.80,
Greinke, Zack,425844,2015,32,222.2,843,790,148,14,200,40,41,43,0,0,19,3,0,1.66,
Haren, Dan,429717,2015,32,187.1,768,709,174,31,132,38,75,79,0,0,11,9,0,3.60,
Simon, Alfredo,430580,2015,31,187.0,820,729,201,24,117,68,105,112,0,0,13,12,0,5.05,
Hamels, Cole,430935,2015,32,212.1,880,800,190,22,215,62,86,88,0,0,13,8,4,3.65,
Kazmir, Scott,431148,2015,31,183.0,763,684,162,20,155,59,63,77,0,0,7,11,2,3.10,
Danks, John,433579,2015,30,177.2,768,695,195,24,124,56,93,104,0,0,7,15,1,4.71,
Hernandez, Felix,433587,2015,31,201.2,825,750,180,23,191,58,79,80,0,0,18,9,0,3.53,
Verlander, Justin,434378,2015,20,133.1,535,493,113,13,113,32,50,56,0,0,5,8,0,3.38,
Liriano, Francisco,434538,2015,31,186.2,773,695,155,15,205,70,70,75,0,0,12,7,1,3.38,
Jimenez, Ubaldo,434622,2015,32,184.0,791,707,182,20,168,68,84,89,0,0,12,10,0,4.11,
Hammel, Jason,434628,2015,31,170.2,710,654,158,23,172,40,71,79,0,0,10,7,0,3.74,
Sanchez, Anibal,434671,2015,25,157.0,660,603,152,29,138,49,87,89,0,0,10,10,3,4.99,
Chavez, Jesse,445926,2015,30,157.0,672,612,164,18,136,48,73,78,1,0,7,15,0,4.18,
Kluber, Corey,446372,2015,32,222.0,886,819,189,22,245,45,86,92,0,0,9,16,1,3.49,
Shields, James,448306,2015,33,202.1,860,763,189,33,216,81,88,93,0,0,13,7,1,3.91,
Garcia, Jaime,448802,2015,20,129.2,510,471,106,6,97,30,35,37,0,0,10,6,0,2.43,
Volquez, Edinson,450172,2015,34,200.1,850,758,190,16,155,72,79,89,0,0,13,9,0,3.55,
Morton, Charlie,450203,2015,23,129.0,563,506,137,13,96,41,69,77,0,0,9,9,1,4.81,
Weaver, Jered,450308,2015,26,159.0,669,617,163,24,90,33,82,84,0,0,7,12,0,4.64,
Wilson, C.J.,450351,2015,21,132.0,553,491,118,13,110,46,57,59,0,0,8,8,1,3.89,
Gallardo, Yovani,451596,2015,33,184.1,793,720,193,15,121,68,70,76,0,0,13,11,0,3.42,
Lester, Jon,452657,2015,32,205.0,827,764,183,16,207,47,76,83,0,0,11,12,0,3.34,
Kendrick, Kyle,452718,2015,27,142.1,629,570,172,33,80,45,100,102,0,0,7,13,0,6.32,
Kennedy, Ian,453178,2015,30,168.1,712,644,166,31,174,51,80,95,0,0,9,15,1,4.28,
Scherzer, Max,453286,2015,33,228.2,899,847,176,27,276,34,71,74,0,0,14,12,1,2.79,
Arrieta, Jake,453562,2015,33,229.0,870,811,150,10,236,48,45,52,0,0,22,6,0,1.77,
Price, David,456034,2015,32,220.1,888,826,190,17,225,47,60,70,0,0,18,5,0,2.45,
Gonzalez, Miguel,456068,2015,26,144.2,622,559,151,24,109,51,79,81,0,0,9,12,0,4.91,
Cueto, Johnny,456501,2015,32,212.0,866,803,194,21,176,46,81,87,0,0,11,13,4,3.44,
Happ, J.A.,457918,2015,32,172.0,717,668,173,16,151,45,69,71,0,0,11,8,0,3.61,
Lynn, Lance,458681,2015,31,175.1,751,667,172,13,167,68,59,66,0,0,12,11,0,3.03,
Pelfrey, Mike,460059,2015,30,164.2,714,651,198,11,86,45,78,86,0,0,6,11,0,4.26,
Gonzalez, Gio,461829,2015,31,175.2,758,673,181,8,169,69,74,79,0,0,11,8,0,3.79,
Hughes, Phil,461833,2015,27,155.1,651,629,184,29,94,16,76,76,0,0,11,9,0,4.40,
Estrada, Marco,462136,2015,34,181.0,724,659,134,24,131,55,63,67,0,0,13,8,0,3.13,
Carrasco, Carlos,471911,2015,30,183.2,730,675,154,18,216,43,74,75,0,0,14,12,0,3.63,
Anderson, Brett,474463,2015,31,180.1,750,697,194,18,116,46,74,82,0,0,10,9,2,3.69,
Ross, Tyson,475115,2015,33,196.0,823,725,172,9,212,84,71,78,0,0,10,12,0,3.26,
Hellickson, Jeremy,476451,2015,27,146.0,636,573,151,22,121,43,75,79,0,0,9,12,0,4.62,
Warren, Adam,476589,2015,43,131.1,534,484,114,10,104,39,48,51,1,0,7,7,0,3.29,
Niese, Jonathon,477003,2015,33,176.2,770,686,192,20,113,55,81,93,0,0,9,10,0,4.13,
Kershaw, Clayton,477132,2015,33,232.2,890,839,163,15,301,42,55,62,0,0,16,7,3,2.13,
Cashner, Andrew,488768,2015,31,184.2,804,718,200,19,165,66,89,111,0,0,6,16,0,4.34,
Miley, Wade,489119,2015,32,193.2,831,758,201,17,147,64,96,98,0,0,11,11,1,4.46,
Garza, Matt,490063,2015,26,148.2,666,598,176,23,104,57,93,102,0,0,6,14,0,5.63,
Quintana, Jose,500779,2015,32,206.1,862,802,218,16,177,44,77,81,0,0,9,10,0,3.36,
Pineda, Michael,501381,2015,27,160.2,668,634,176,21,156,21,78,83,0,0,12,10,0,4.37,
Tillman, Chris,501957,2015,31,173.0,740,660,176,20,120,64,96,97,0,0,11,11,0,4.99,
Karns, Nate,501992,2015,27,147.0,621,553,132,19,145,56,60,62,0,0,7,5,0,3.67,
Archer, Chris,502042,2015,34,212.0,868,795,175,19,252,66,76,85,0,0,12,13,0,3.23,
Gibson, Kyle,502043,2015,32,194.2,821,737,186,18,145,65,83,88,0,0,11,11,0,3.84,
Locke, Jeff,502046,2015,30,168.1,736,654,179,15,129,60,84,95,0,0,8,11,0,4.49,
Samardzija, Jeff,502188,2015,32,214.0,910,836,228,29,163,49,118,122,0,0,11,13,0,4.96,
Leake, Mike,502190,2015,30,192.0,778,717,174,22,119,49,79,80,0,0,11,10,2,3.70,
Santiago, Hector,502327,2015,33,180.2,776,687,156,29,162,71,72,80,0,0,9,9,3,3.59,
Anderson, Chase,502624,2015,27,152.2,640,581,158,18,111,40,73,75,0,0,6,6,0,4.30,
Salazar, Danny,517593,2015,30,185.0,757,690,156,23,195,53,71,79,0,0,14,10,2,3.45,
Bettis, Chad,518452,2015,20,115.0,502,448,120,11,98,42,54,56,0,0,8,6,0,4.23,
Bumgarner, Madison,518516,2015,32,218.1,869,814,181,21,234,39,71,73,0,0,18,9,0,2.93,
Duffy, Danny,518633,2015,30,136.2,588,518,137,15,102,53,62,64,1,0,7,8,0,4.08,
Harvey, Matt,518774,2015,29,189.1,754,703,156,18,188,37,57,62,0,0,13,8,0,2.71,
Heston, Chris,518790,2015,31,177.2,746,667,169,16,141,64,78,82,0,0,12,11,1,3.95,
Nelson, Jimmy,519076,2015,30,177.1,752,663,163,18,148,65,81,89,0,0,11,13,1,4.11,
Porcello, Rick,519144,2015,28,172.0,737,682,196,25,149,38,94,103,0,0,9,15,1,4.92,
Sale, Chris,519242,2015,31,208.2,854,794,185,23,274,42,79,88,0,0,13,11,0,3.41,
Zimmermann, Jordan,519455,2015,33,201.2,831,774,204,24,164,39,82,89,0,0,13,10,1,3.66,
Kelly, Joe,523260,2015,25,134.1,587,526,145,15,110,49,72,76,0,0,10,6,0,4.82,
De La Rosa, Rubby,523989,2015,32,188.2,809,729,193,32,150,63,98,103,0,0,14,9,2,4.67,
Teheran, Julio,527054,2015,33,200.2,843,748,189,27,171,73,90,99,0,0,11,8,0,4.04,
Shoemaker, Matt,533167,2015,25,135.1,569,522,135,24,116,35,67,70,0,0,7,10,0,4.46,
Ramirez, Erasmo,541640,2015,34,163.1,665,614,145,16,126,40,68,73,0,0,11,6,0,3.75,
Cole, Gerrit,543037,2015,32,208.0,832,765,183,11,202,44,60,71,0,0,19,8,0,2.60,
DeSclafani, Anthony,543101,2015,31,184.2,785,710,194,17,151,55,83,93,0,0,9,13,0,4.05,
Eovaldi, Nathan,543135,2015,27,154.1,673,615,175,10,121,49,72,72,0,0,14,3,0,4.20,
Gray, Sonny,543243,2015,31,208.0,831,765,166,17,169,59,63,71,0,0,14,7,0,2.73,
Hendricks, Kyle,543294,2015,32,180.0,739,681,166,17,167,43,79,82,0,0,8,7,1,3.95,
Koehler, Tom,543408,2015,32,187.1,800,706,180,22,137,77,85,96,0,0,11,14,0,4.08,
McHugh, Collin,543521,2015,32,203.2,859,788,207,19,171,53,88,89,0,0,19,7,0,3.89,
Milone, Tommy,543548,2015,24,128.2,543,493,128,17,91,36,56,64,1,0,9,5,0,3.92,
Odorizzi, Jake,543606,2015,28,169.1,700,644,149,18,150,46,63,65,0,0,9,9,1,3.35,
Rusin, Chris,543734,2015,24,131.2,594,548,170,19,86,41,78,88,0,0,6,10,2,5.33,
Strasburg, Stephen,544931,2015,23,127.1,523,488,115,14,155,26,49,56,0,0,11,7,0,3.46,
Bauer, Trevor,545333,2015,31,176.0,744,655,152,23,170,79,89,90,0,0,11,12,1,4.55,
Lorenzen, Michael,547179,2015,27,113.1,515,449,131,18,83,57,68,70,0,0,4,9,0,5.40,
Iwakuma, Hisashi,547874,2015,20,129.2,516,487,117,18,111,21,51,53,0,0,9,5,0,3.54,
Tanaka, Masahiro,547888,2015,24,154.0,608,571,126,25,139,27,60,66,0,0,12,7,0,3.51,
Perez, Williams,554234,2015,23,116.2,514,446,130,13,73,51,62,66,1,0,7,6,1,4.78,
Ventura, Yordano,570649,2015,28,163.1,693,621,154,14,156,58,74,75,0,0,13,8,0,4.08,
Fiers, Mike,571666,2015,31,180.1,761,680,162,24,180,64,74,83,0,0,7,10,0,3.69,
Hutchison, Drew,571800,2015,30,150.1,664,603,179,22,129,44,93,103,0,0,13,5,0,5.57,
Miller, Shelby,571946,2015,33,205.1,860,769,183,13,171,73,69,82,0,0,6,17,2,3.02,
Richards, Garrett,572070,2015,32,207.1,865,768,181,20,176,76,84,94,0,0,15,12,0,3.65,
Keuchel, Dallas,572971,2015,33,232.0,911,854,185,17,216,51,64,68,0,0,20,8,0,2.48,
Ray, Robbie,592662,2015,23,127.2,545,475,121,9,119,49,50,56,0,0,5,12,0,3.52,
Syndergaard, Noah,592789,2015,24,150.0,603,561,126,19,166,31,54,60,0,0,9,7,0,3.24,
Walker, Taijuan,592836,2015,29,169.2,705,648,163,25,157,39,86,92,0,0,11,8,1,4.56,
Martinez, Carlos,593372,2015,31,179.2,755,671,168,13,184,63,60,65,0,0,14,7,1,3.01,
Rodriguez, Eduardo,593958,2015,21,121.2,521,471,120,13,98,37,52,55,0,0,10,6,1,3.85,
deGrom, Jacob,594798,2015,30,191.0,751,694,149,16,205,38,54,59,0,0,14,8,0,2.54,
Rodon, Carlos,607074,2015,26,139.1,607,517,130,11,139,71,58,63,0,0,9,6,0,3.75,
Martinez, Nick,607259,2015,24,125.0,558,493,135,16,77,46,55,66,0,0,7,7,0,3.96,
Wacha, Michael,608379,2015,30,181.1,762,687,162,19,153,58,68,74,0,0,17,7,1,3.38,
Graveman, Kendall,608665,2015,21,115.2,502,456,126,15,77,38,52,57,0,0,6,9,0,4.05,
Chen, Wei-Yin,612672,2015,31,191.1,792,733,192,28,153,41,71,78,0,0,11,8,0,3.34,
McCullers Jr., Lance,621121,2015,22,125.2,520,469,106,10,129,43,45,49,0,0,6,7,1,3.22,
Wood, Alex,622072,2015,32,189.2,801,720,198,15,139,59,81,86,0,0,12,12,1,3.84,
Despaigne, Odrisamer,628333,2015,34,125.2,548,495,142,17,69,33,81,82,0,0,5,9,0,5.80,
Colon, Bartolo,112526,2016,34,191.2,791,745,200,24,128,32,73,81,0,0,15,8,0,3.43,
Sabathia, CC,282332,2016,30,179.2,768,687,172,22,152,65,78,83,0,0,9,12,1,3.91,
Dickey, R.A.,285079,2016,30,169.2,728,655,169,28,126,63,84,97,0,0,10,15,1,4.46,
Lackey, John,407793,2016,29,188.1,748,670,146,23,180,53,70,74,0,0,11,8,0,3.35,
De La Rosa, Jorge,407822,2016,27,134.0,614,536,157,23,108,63,82,93,0,0,8,9,1,5.51,
Peavy, Jake,408241,2016,31,118.2,520,476,134,18,102,36,73,76,0,0,5,9,1,5.54,
Wainwright, Adam,425794,2016,33,198.2,847,766,220,22,161,59,102,108,0,0,13,9,0,4.62,
Greinke, Zack,425844,2016,26,158.2,667,615,161,23,134,41,77,80,0,0,13,7,0,4.37,
Santana, Ervin,429722,2016,30,181.1,748,685,168,19,149,53,68,78,0,0,7,11,3,3.38,
Hamels, Cole,430935,2016,32,200.2,848,760,185,24,200,77,74,83,0,0,15,5,1,3.32,
Kazmir, Scott,431148,2016,26,136.1,590,526,133,21,134,52,69,71,0,0,10,6,0,4.56,
Hernandez, Felix,433587,2016,25,153.1,655,577,138,19,122,65,65,76,0,0,11,8,0,3.82,
Verlander, Justin,434378,2016,34,227.2,903,827,171,30,254,57,77,81,0,0,16,9,0,3.04,
Liriano, Francisco,434538,2016,31,163.0,731,624,157,26,168,85,85,98,0,0,8,13,0,4.69,
Jimenez, Ubaldo,434622,2016,29,142.1,637,560,150,16,125,72,86,93,1,0,8,12,1,5.44,
Hammel, Jason,434628,2016,30,166.2,692,620,148,25,144,53,71,77,0,0,15,10,0,3.83,
Sanchez, Anibal,434671,2016,35,153.1,668,600,171,30,135,53,100,108,0,0,7,13,2,5.87,
Nolasco, Ricky,445060,2016,32,197.2,817,756,202,26,144,44,97,104,0,0,8,14,0,4.42,
Kluber, Corey,446372,2016,32,215.0,860,788,170,22,227,57,75,82,0,0,18,9,1,3.14,
Shields, James,448306,2016,33,181.2,821,723,208,40,135,82,118,122,0,0,6,19,0,5.85,
Garcia, Jaime,448802,2016,32,171.2,741,668,179,26,150,57,89,94,0,0,10,13,0,4.67,
Volquez, Edinson,450172,2016,34,189.1,853,758,217,23,139,76,113,124,0,0,10,11,1,5.37,
Weaver, Jered,450308,2016,31,178.0,766,704,209,37,103,51,100,106,0,0,12,12,2,5.06,
Fister, Doug,450729,2016,32,180.1,778,706,195,24,115,62,93,98,0,0,12,13,0,4.64,
Gallardo, Yovani,451596,2016,23,118.0,525,456,126,16,85,61,71,74,0,0,6,8,0,5.42,
Lester, Jon,452657,2016,32,202.2,796,730,154,21,197,52,55,57,0,0,19,5,0,2.44,
Kennedy, Ian,453178,2016,33,195.2,818,733,173,33,184,66,80,81,0,0,11,11,0,3.68,
Wright, Steven,453214,2016,24,156.2,656,587,138,12,127,57,58,74,0,0,13,6,0,3.33,
Scherzer, Max,453286,2016,34,228.1,902,830,165,31,284,56,75,77,0,0,20,7,1,2.96,
Buchholz, Clay,453329,2016,37,139.1,588,520,130,21,93,55,74,80,0,0,8,10,0,4.78,
Arrieta, Jake,453562,2016,31,197.1,795,710,138,16,190,76,68,72,0,0,18,8,0,3.10,
Price, David,456034,2016,35,230.0,951,879,227,30,228,50,102,106,0,0,17,9,0,3.99,
Gonzalez, Miguel,456068,2016,24,135.0,566,519,132,11,95,35,56,61,0,0,5,8,0,3.73,
Griffin, A.J.,456167,2016,23,119.0,509,453,116,28,107,46,67,68,0,0,7,4,1,5.07,
Cueto, Johnny,456501,2016,32,219.2,881,818,195,15,198,45,68,71,0,0,18,5,1,2.79,
Happ, J.A.,457918,2016,32,195.0,796,726,168,22,163,60,69,72,0,0,20,4,2,3.18,
Tomlin, Josh,458708,2016,30,174.0,725,694,187,36,118,20,85,97,0,0,13,9,0,4.40,
Pelfrey, Mike,460059,2016,24,119.0,541,482,160,15,56,46,67,76,0,0,4,10,0,5.07,
Gonzalez, Gio,461829,2016,32,177.1,765,684,179,19,171,59,90,98,0,0,11,11,0,4.57,
Estrada, Marco,462136,2016,29,176.0,723,651,132,23,165,65,68,73,0,0,9,9,0,3.48,
Nova, Ivan,467100,2016,32,162.0,684,636,175,23,127,28,75,81,1,0,12,8,0,4.17,
Chacin, Jhoulys,468504,2016,34,144.0,632,562,153,14,119,55,77,81,0,0,6,8,1,4.81,
Carrasco, Carlos,471911,2016,25,146.1,599,558,134,21,150,34,54,64,0,0,11,8,1,3.32,
Hellickson, Jeremy,476451,2016,32,189.0,772,711,173,24,154,45,78,86,0,0,12,10,1,3.71,
Niese, Jonathon,477003,2016,29,121.0,546,489,145,25,88,47,74,77,0,0,8,7,0,5.50,
Kershaw, Clayton,477132,2016,21,149.0,544,526,97,8,172,11,28,31,0,0,12,4,3,1.69,
Cashner, Andrew,488768,2016,28,132.0,587,509,142,19,112,60,77,83,0,0,5,11,0,5.25,
Miley, Wade,489119,2016,30,166.0,711,649,187,25,137,49,99,100,0,0,9,13,2,5.37,
Quintana, Jose,500779,2016,32,208.0,837,779,192,22,181,50,74,76,0,0,13,12,1,3.20,
Pineda, Michael,501381,2016,32,175.2,755,693,184,27,207,53,94,98,0,0,6,12,0,4.82,
Tillman, Chris,501957,2016,30,172.0,715,636,155,19,140,66,72,73,0,0,16,6,0,3.77,
Archer, Chris,502042,2016,33,201.1,850,769,183,30,233,67,90,100,0,0,9,19,0,4.02,
Gibson, Kyle,502043,2016,25,147.1,653,587,175,20,104,55,83,89,0,0,6,11,0,5.07,
Locke, Jeff,502046,2016,30,127.1,563,506,151,17,73,44,77,81,0,0,9,8,0,5.44,
Samardzija, Jeff,502188,2016,32,203.1,829,764,190,24,167,54,86,88,0,0,12,11,0,3.81,
Leake, Mike,502190,2016,30,176.2,757,705,203,20,125,30,92,101,0,0,9,12,0,4.69,
Santiago, Hector,502327,2016,33,182.0,785,690,169,33,144,79,95,100,0,0,13,10,1,4.70,
Anderson, Chase,502624,2016,31,151.2,647,583,155,28,120,53,74,83,0,0,9,11,0,4.39,
Peralta, Wily,503449,2016,23,127.2,554,498,152,19,93,43,69,73,0,0,7,11,0,4.86,
Nicasio, Juan,504379,2016,52,118.0,513,449,117,15,138,45,59,64,0,2,10,7,0,4.50,
Salazar, Danny,517593,2016,25,137.1,584,515,121,16,161,63,59,61,0,0,11,6,3,3.87,
Bettis, Chad,518452,2016,32,186.0,814,735,204,22,138,59,99,107,0,0,14,8,0,4.79,
Bumgarner, Madison,518516,2016,34,226.2,912,841,179,26,251,54,69,79,0,0,15,9,1,2.74,
Duffy, Danny,518633,2016,42,179.2,731,676,163,27,188,42,70,71,0,0,12,3,0,3.51,
Gee, Dillon,518716,2016,33,125.0,551,502,146,24,89,37,65,67,0,0,8,9,1,4.68,
Moore, Matt,519043,2016,33,198.1,838,752,184,25,178,72,90,93,0,0,13,12,1,4.08,
Nelson, Jimmy,519076,2016,32,179.1,807,693,186,25,140,86,92,108,0,0,8,16,0,4.62,
Pomeranz, Drew,519141,2016,31,170.2,703,631,137,22,186,65,63,65,0,0,11,12,0,3.32,
Porcello, Rick,519144,2016,33,223.0,890,840,193,23,189,32,78,85,0,0,22,4,0,3.15,
Sale, Chris,519242,2016,32,226.2,907,837,190,27,233,45,84,88,0,0,17,10,0,3.34,
Perez, Martin,527048,2016,33,198.2,855,758,205,18,103,76,97,110,0,0,10,11,2,4.39,
Teheran, Julio,527054,2016,30,188.0,758,703,157,22,167,41,67,70,0,0,7,10,1,3.21,
Shoemaker, Matt,533167,2016,27,160.0,668,624,166,18,143,30,69,71,0,0,9,13,0,3.88,
Andriese, Matt,542882,2016,29,127.2,527,494,131,17,109,25,62,64,1,0,8,8,4,4.37,
Chatwood, Tyler,543022,2016,27,158.0,669,589,147,15,117,70,68,75,0,0,12,9,0,3.87,
Cole, Gerrit,543037,2016,21,116.0,506,454,131,7,98,36,50,57,0,0,7,10,1,3.88,
Conley, Adam,543045,2016,25,133.1,583,500,125,13,124,62,57,59,0,0,8,6,0,3.85,
DeSclafani, Anthony,543101,2016,20,123.1,507,463,120,16,105,30,45,51,0,0,9,5,1,3.28,
Eovaldi, Nathan,543135,2016,24,124.2,525,482,123,23,97,40,66,66,0,0,9,8,0,4.76,
Friedrich, Christian,543184,2016,24,129.1,567,505,131,13,100,52,69,74,0,0,5,12,0,4.80,
Gray, Sonny,543243,2016,22,117.0,516,465,133,18,94,42,74,80,0,0,5,11,0,5.69,
Hendricks, Kyle,543294,2016,31,190.0,745,686,142,15,170,44,45,53,0,0,16,8,0,2.13,
Koehler, Tom,543408,2016,33,176.2,774,675,176,22,147,83,85,93,0,0,9,13,0,4.33,
McHugh, Collin,543521,2016,33,184.2,795,730,206,25,177,54,89,92,0,0,13,10,0,4.34,
Odorizzi, Jake,543606,2016,33,187.2,773,706,170,29,166,54,77,80,0,0,10,6,1,3.69,
Roark, Tanner,543699,2016,34,210.0,855,758,173,17,172,73,66,72,0,0,16,10,1,2.83,
Strasburg, Stephen,544931,2016,24,147.2,598,546,119,15,183,44,59,59,0,0,15,4,0,3.60,
Bauer, Trevor,545333,2016,35,190.0,811,721,179,20,168,70,90,96,0,0,12,8,0,4.26,
Iwakuma, Hisashi,547874,2016,33,199.0,836,772,218,28,147,46,91,95,0,0,16,12,0,4.12,
Tanaka, Masahiro,547888,2016,31,199.2,805,759,179,22,165,36,68,75,0,0,14,4,0,3.07,
Ventura, Yordano,570649,2016,32,186.0,816,723,190,23,144,78,92,96,0,0,11,12,1,4.45,
Corbin, Patrick,571578,2016,36,155.2,701,619,177,24,131,66,89,109,1,0,5,13,0,5.15,
Fiers, Mike,571666,2016,31,168.2,724,667,187,26,134,42,84,89,0,0,11,8,0,4.48,
Matz, Steven,571927,2016,22,132.1,547,502,129,14,129,31,50,53,0,0,9,8,1,3.40,
Paxton, James,572020,2016,20,121.0,511,480,134,9,117,24,51,62,0,0,6,7,0,3.79,
Keuchel, Dallas,572971,2016,26,168.0,701,648,168,20,144,48,85,88,0,0,9,12,0,4.55,
Straily, Dan,573185,2016,34,191.1,792,699,154,31,162,73,80,80,0,0,14,8,1,3.76,
Stroman, Marcus,573186,2016,32,204.0,854,792,209,21,166,54,99,104,0,0,9,10,1,4.37,
Foltynewicz, Mike,592314,2016,22,123.1,525,475,125,18,111,35,59,61,0,0,9,5,1,4.31,
Gausman, Kevin,592332,2016,30,179.2,757,698,183,28,174,47,72,76,0,0,9,12,0,3.61,
Gray, Jon,592351,2016,29,168.0,711,630,153,18,185,59,86,92,0,0,10,10,0,4.61,
Ray, Robbie,592662,2016,32,174.1,776,694,185,24,218,71,95,105,0,0,8,15,0,4.90,
Sanchez, Aaron,592717,2016,30,192.0,790,719,161,15,161,63,64,69,0,0,15,2,0,3.00,
Smyly, Drew,592767,2016,30,175.1,738,671,174,32,167,49,95,103,0,0,7,12,0,4.88,
Syndergaard, Noah,592789,2016,31,183.2,744,692,168,11,218,43,53,61,0,0,14,9,1,2.60,
Velasquez, Vince,592826,2016,24,131.0,551,491,129,21,152,45,60,64,0,0,8,6,0,4.12,
Walker, Taijuan,592836,2016,25,134.1,573,522,129,27,119,37,63,75,0,0,8,11,1,4.22,
Martinez, Carlos,593372,2016,31,195.1,809,724,169,15,174,70,66,68,0,0,16,9,0,3.04,
deGrom, Jacob,594798,2016,24,148.0,604,557,142,15,143,36,50,53,0,0,7,8,0,3.04,
Eickhoff, Jerad,595191,2016,33,197.1,811,745,187,30,167,42,80,88,0,0,11,14,2,3.65,
Bradley, Archie,605151,2016,26,141.2,638,558,154,16,143,67,79,84,0,0,8,9,2,5.02,
Davies, Zach,605200,2016,28,163.1,682,631,166,20,135,38,72,79,0,0,11,7,0,3.97,
Fernandez, Jose,605228,2016,29,182.1,737,664,149,13,253,55,58,63,0,0,16,8,1,2.86,
Finnegan, Brandon,605232,2016,31,172.0,734,636,150,29,145,84,76,86,0,0,10,11,2,3.98,
Fulmer, Michael,605242,2016,26,159.0,647,590,136,16,132,42,54,57,0,0,11,7,1,3.06,
Morgan, Adam,605388,2016,23,113.1,507,466,141,23,95,29,76,81,0,0,2,11,0,6.04,
Wisler, Matt,605538,2016,27,156.2,671,613,159,26,115,49,87,90,1,0,7,13,1,5.00,
Perdomo, Luis,606131,2016,35,146.2,661,604,187,23,105,46,93,99,0,0,9,10,0,5.71,
Rodon, Carlos,607074,2016,28,165.0,714,644,176,23,168,54,74,82,0,0,9,10,1,4.04,
Wacha, Michael,608379,2016,27,138.0,606,551,159,15,114,45,78,86,0,0,7,7,0,5.09,
Duffey, Tyler,608648,2016,26,133.0,596,554,167,25,114,32,95,103,0,0,9,12,1,6.43,
Graveman, Kendall,608665,2016,31,186.0,785,723,196,22,108,47,85,87,0,0,10,11,0,4.11,
Chen, Wei-Yin,612672,2016,22,123.1,520,486,134,22,100,24,68,69,0,0,5,5,0,4.96,
Maeda, Kenta,628317,2016,32,175.2,716,655,150,20,179,50,68,72,0,0,16,11,0,3.48,
Manaea, Sean,640455,2016,25,144.2,594,545,135,20,124,37,62,65,0,0,7,9,0,3.86,
Colon, Bartolo,112526,2017,28,143.0,648,603,192,28,89,35,103,112,0,0,7,14,1,6.48,
Sabathia, CC,282332,2017,27,148.2,623,566,139,21,120,50,61,64,0,0,14,5,0,3.69,
Dickey, R.A.,285079,2017,31,190.0,815,726,193,26,136,67,90,99,0,0,10,10,2,4.26,
Lackey, John,407793,2017,31,170.2,731,654,165,36,149,53,87,93,0,0,12,12,2,4.59,
Wainwright, Adam,425794,2017,24,123.1,546,490,140,14,96,45,70,73,0,0,12,5,0,5.11,
Greinke, Zack,425844,2017,32,202.1,801,749,172,25,215,45,72,80,0,0,17,7,0,3.20,
Santana, Ervin,429722,2017,33,211.1,863,786,177,31,167,61,77,85,0,0,16,8,1,3.28,
Cain, Matt,430912,2017,27,124.1,567,507,157,18,75,49,75,85,0,0,3,11,0,5.43,
Hamels, Cole,430935,2017,24,148.0,614,548,125,18,105,53,69,74,0,0,11,6,0,4.20,
Verlander, Justin,434378,2017,33,206.0,849,768,170,27,219,72,77,80,0,0,15,8,0,3.36,
Jimenez, Ubaldo,434622,2017,31,142.2,648,580,169,33,139,58,108,109,0,0,6,11,0,6.81,
Hammel, Jason,434628,2017,32,180.1,804,737,209,26,145,48,106,109,0,0,8,13,1,5.29,
Nolasco, Ricky,445060,2017,33,181.0,786,716,205,35,143,58,99,102,0,0,6,15,0,4.92,
Chavez, Jesse,445926,2017,38,138.0,586,537,148,28,119,45,82,83,0,2,7,11,0,5.35,
Kluber, Corey,446372,2017,29,203.2,777,732,141,21,265,36,51,56,0,0,18,4,0,2.25,
Hill, Rich,448179,2017,25,135.2,552,488,99,18,166,49,50,51,0,0,12,8,1,3.32,
Shields, James,448306,2017,21,117.0,516,459,116,27,103,53,68,72,0,0,5,7,0,5.23,
Garcia, Jaime,448802,2017,27,157.0,673,602,157,18,129,64,77,86,0,0,5,10,3,4.41,
Morton, Charlie,450203,2017,25,146.2,617,549,125,14,163,50,59,65,0,0,14,7,0,3.62,
Vargas, Jason,450306,2017,32,179.2,756,685,181,27,134,58,83,84,0,0,18,11,1,4.16,
Gallardo, Yovani,451596,2017,28,130.2,578,509,138,24,94,60,83,84,1,0,5,10,0,5.72,
Lester, Jon,452657,2017,32,180.2,763,691,179,26,180,60,87,101,0,0,13,8,0,4.33,
Kennedy, Ian,453178,2017,30,154.0,655,582,143,34,131,61,92,99,0,0,5,13,1,5.38,
Scherzer, Max,453286,2017,31,200.2,779,709,126,22,268,54,56,62,0,0,16,6,0,2.51,
Richard, Clayton,453385,2017,32,197.1,858,780,240,24,151,59,105,114,0,0,8,15,1,4.79,
Arrieta, Jake,453562,2017,30,168.1,707,637,150,23,163,55,66,82,0,0,14,10,0,3.53,
Gonzalez, Miguel,456068,2017,27,156.0,684,616,167,22,100,55,80,88,0,0,8,13,0,4.62,
Cueto, Johnny,456501,2017,25,147.1,648,577,160,22,136,53,74,77,0,0,8,8,1,4.52,
Happ, J.A.,457918,2017,25,145.1,626,575,145,18,142,46,57,64,0,0,10,11,0,3.53,
Lynn, Lance,458681,2017,33,186.1,776,676,151,27,153,78,71,80,0,0,11,8,0,3.43,
Tomlin, Josh,458708,2017,26,141.0,585,564,166,23,109,14,78,80,0,0,10,9,0,4.98,
Pelfrey, Mike,460059,2017,34,120.0,546,471,127,25,79,62,79,87,0,0,3,12,0,5.93,
Gonzalez, Gio,461829,2017,32,201.0,827,731,158,21,188,79,66,69,0,0,15,9,0,2.96,
Estrada, Marco,462136,2017,33,186.0,806,726,186,31,176,71,103,104,0,0,10,9,0,4.98,
Nova, Ivan,467100,2017,31,187.0,785,732,203,29,131,36,86,96,0,0,11,14,0,4.14,
Chacin, Jhoulys,468504,2017,32,180.1,765,667,157,19,153,72,78,82,0,0,13,10,1,3.89,
Carrasco, Carlos,471911,2017,32,200.0,798,735,173,21,226,46,73,73,0,0,18,6,0,3.29,
Hellickson, Jeremy,476451,2017,30,164.0,695,628,160,35,96,47,99,105,0,0,8,11,1,5.43,
Kershaw, Clayton,477132,2017,27,175.0,678,641,136,23,202,30,45,49,0,0,18,4,2,2.31,
Cashner, Andrew,488768,2017,28,166.2,704,624,156,15,86,64,63,75,0,0,11,11,1,3.40,
Miley, Wade,489119,2017,32,157.1,728,624,179,25,142,93,98,104,0,0,8,15,0,5.61,
Garza, Matt,490063,2017,24,114.2,504,448,121,17,79,45,63,72,0,0,6,9,0,4.94,
Ramirez, JC,500724,2017,27,147.1,620,558,149,21,105,49,68,72,0,1,11,10,1,4.15,
Quintana, Jose,500779,2017,32,188.2,790,715,170,23,207,61,87,92,0,0,11,11,1,4.15,
Archer, Chris,502042,2017,34,201.0,852,784,193,27,249,60,91,101,0,0,10,12,0,4.07,
Gibson, Kyle,502043,2017,29,158.0,693,624,182,24,121,60,89,93,0,0,12,10,0,5.07,
Cobb, Alex,502171,2017,29,179.1,742,689,175,22,128,44,73,78,0,0,12,10,1,3.66,
Samardzija, Jeff,502188,2017,32,207.2,847,801,204,30,205,32,102,107,0,0,9,15,0,4.42,
Leake, Mike,502190,2017,31,186.0,782,724,201,20,130,37,81,93,0,0,10,13,0,3.92,
Anderson, Chase,502624,2017,25,141.1,569,514,113,14,133,41,43,47,0,0,12,4,0,2.74,
Holland, Derek,502706,2017,29,135.0,626,538,156,31,104,75,93,106,0,0,7,14,0,6.20,
Peacock, Brad,502748,2017,34,132.0,546,485,100,10,161,57,44,46,0,0,13,2,1,3.00,
Darvish, Yu,506433,2017,31,186.2,766,697,159,27,209,58,80,83,0,0,10,12,1,3.86,
Duffy, Danny,518633,2017,24,146.1,609,556,143,13,130,41,62,67,0,0,9,10,2,3.81,
Moore, Matt,519043,2017,32,174.1,790,706,200,27,148,67,107,116,0,0,6,15,0,5.52,
Nelson, Jimmy,519076,2017,29,175.1,728,665,171,16,199,48,68,75,0,0,12,6,1,3.49,
Pomeranz, Drew,519141,2017,32,173.2,739,659,166,19,174,68,64,69,0,0,17,6,0,3.32,
Porcello, Rick,519144,2017,33,203.1,885,824,236,38,181,48,105,125,0,0,11,17,0,4.65,
Sale, Chris,519242,2017,32,214.1,851,794,165,24,308,43,69,73,0,0,17,8,0,2.90,
Zimmermann, Jordan,519455,2017,29,160.0,713,651,204,29,103,44,108,111,0,0,8,13,0,6.08,
Perez, Martin,527048,2017,32,185.0,811,735,221,23,115,63,99,108,0,0,13,12,0,4.82,
Teheran, Julio,527054,2017,32,188.1,812,723,186,31,151,72,94,103,0,0,11,13,0,4.49,
Adleman, Tim,534947,2017,30,122.1,531,469,124,29,108,51,75,79,0,0,5,11,1,5.52,
Ramirez, Erasmo,541640,2017,37,131.1,539,497,123,22,109,31,64,70,1,1,5,6,0,4.39,
Chatwood, Tyler,543022,2017,33,147.2,631,543,136,20,120,77,77,79,1,0,8,15,2,4.69,
Cole, Gerrit,543037,2017,33,203.0,849,784,199,31,196,55,96,98,0,0,12,12,0,4.26,
Gray, Sonny,543243,2017,27,162.1,678,615,139,19,153,57,64,79,0,0,10,12,0,3.55,
Hendricks, Kyle,543294,2017,24,139.2,570,521,126,17,123,40,47,49,0,0,7,5,0,3.03,
Montgomery, Mike,543557,2017,44,130.2,540,470,103,10,100,55,49,52,3,0,7,8,0,3.38,
Odorizzi, Jake,543606,2017,28,143.1,603,531,117,30,127,61,66,80,0,0,10,8,0,4.14,
Roark, Tanner,543699,2017,32,181.1,776,701,178,23,166,64,94,105,0,0,13,11,1,4.67,
Strasburg, Stephen,544931,2017,28,175.1,701,641,131,13,204,47,49,55,0,0,15,4,0,2.52,
Bauer, Trevor,545333,2017,32,176.1,749,680,181,25,196,60,82,84,0,0,17,9,1,4.19,
Tanaka, Masahiro,547888,2017,30,178.1,751,700,180,35,194,41,94,100,0,0,13,12,0,4.74,
Ryu, Hyun Jin,547943,2017,25,126.2,541,487,128,22,116,45,53,58,1,0,5,9,1,3.77,
Urena, Jose,570632,2017,34,169.2,724,638,152,26,113,64,72,77,0,0,14,7,1,3.82,
Boyd, Matthew,571510,2017,26,135.0,605,540,157,18,110,53,79,84,0,0,6,11,0,5.27,
Corbin, Patrick,571578,2017,33,189.2,826,753,208,26,178,61,85,97,0,0,14,13,0,4.03,
Fiers, Mike,571666,2017,29,153.1,670,591,157,32,146,62,89,95,0,0,8,10,1,5.22,
Paxton, James,572020,2017,24,136.0,552,506,113,9,156,37,45,47,0,0,12,5,1,2.98,
Keuchel, Dallas,572971,2017,23,145.2,583,533,116,15,125,47,47,50,0,0,14,5,0,2.90,
Straily, Dan,573185,2017,33,181.2,769,687,176,31,170,60,86,90,0,0,10,9,0,4.26,
Stroman, Marcus,573186,2017,33,201.0,834,762,201,21,164,62,69,82,0,0,13,9,1,3.09,
Foltynewicz, Mike,592314,2017,29,154.0,692,610,169,20,143,59,82,86,0,0,10,13,0,4.79,
Gausman, Kevin,592332,2017,34,186.2,816,736,208,29,179,71,97,99,0,0,11,12,1,4.68,
Ray, Robbie,592662,2017,28,162.0,665,582,116,23,218,71,52,57,0,0,15,5,0,2.89,
Taillon, Jameson,592791,2017,25,133.2,587,525,152,11,125,46,66,69,0,0,8,7,0,4.44,
Walker, Taijuan,592836,2017,28,157.1,683,600,148,17,146,61,61,76,0,0,9,9,1,3.49,
Williams, Trevor,592866,2017,31,150.1,642,568,145,14,117,52,68,73,0,0,7,9,0,4.07,
Martinez, Carlos,593372,2017,32,205.0,858,772,179,27,217,71,83,93,0,0,12,11,0,3.64,
Rodriguez, Eduardo,593958,2017,25,137.1,582,523,126,19,150,50,64,66,0,0,6,7,1,4.19,
deGrom, Jacob,594798,2017,31,201.1,827,758,180,28,239,59,79,87,0,0,15,10,0,3.53,
Eickhoff, Jerad,595191,2017,24,128.0,576,506,142,16,118,53,67,74,0,0,4,8,1,4.71,
Pivetta, Nick,601713,2017,26,133.0,584,512,144,25,140,57,89,91,0,0,8,10,2,6.02,
Bundy, Dylan,605164,2017,28,169.2,698,633,152,26,152,51,80,82,0,0,13,9,0,4.24,
Cotton, Jharel,605194,2017,24,129.0,564,498,133,28,105,53,80,91,0,0,9,10,2,5.58,
Davies, Zach,605200,2017,33,191.1,817,741,204,20,124,55,83,90,0,0,17,9,0,3.90,
Fulmer, Michael,605242,2017,25,164.2,676,617,150,13,114,40,70,80,0,0,10,12,1,3.83,
Nola, Aaron,605400,2017,27,168.0,693,640,154,18,184,49,66,67,0,0,12,11,0,3.54,
Snell, Blake,605483,2017,24,129.1,547,482,113,15,119,59,58,65,0,0,5,7,0,4.04,
Perdomo, Luis,606131,2017,29,163.2,716,638,182,17,118,65,85,97,0,0,8,11,2,4.67,
Montero, Rafael,606160,2017,34,119.0,550,461,141,12,114,67,73,75,0,0,5,11,1,5.52,
Gsellman, Robert,607229,2017,25,119.2,549,493,138,17,82,42,69,85,0,1,8,7,0,5.19,
Biagini, Joe,607352,2017,44,119.2,517,471,125,15,97,42,71,78,1,3,3,13,0,5.34,
Freeland, Kyle,607536,2017,33,156.0,688,596,169,17,107,63,71,78,0,0,11,11,2,4.10,
Wacha, Michael,608379,2017,30,165.2,701,636,170,17,158,55,76,82,0,0,12,9,0,4.13,
Marquez, German,608566,2017,29,162.0,700,634,174,25,147,49,79,82,0,0,11,7,0,4.39,
McCullers Jr., Lance,621121,2017,22,118.2,512,457,114,8,132,40,56,61,0,0,7,4,1,4.25,
Berrios, Jose,621244,2017,26,145.2,616,548,131,15,139,48,63,71,0,0,14,8,1,3.89,
Blach, Ty,621389,2017,34,163.2,692,633,179,17,73,43,87,91,0,0,8,12,0,4.78,
Wood, Alex,622072,2017,27,152.1,614,566,123,15,151,38,46,50,0,0,16,3,0,2.72,
Senzatela, Antonio,622608,2017,36,134.2,564,504,128,18,102,47,70,72,0,1,10,5,2,4.68,
Severino, Luis,622663,2017,31,193.1,782,720,150,21,230,51,64,73,0,0,14,6,0,2.98,
Maeda, Kenta,628317,2017,29,134.1,557,508,121,22,140,34,63,68,1,0,13,6,0,4.22,
Manaea, Sean,640455,2017,29,158.2,691,623,167,18,140,55,77,88,0,0,12,10,0,4.37,
Kuhl, Chad,641771,2017,31,157.1,680,592,159,17,142,72,76,81,0,0,8,11,1,4.35,
Godley, Zack,643327,2017,26,155.0,627,561,124,15,165,53,58,61,0,0,8,9,0,3.37,
Montgomery, Jordan,656756,2017,29,155.1,649,592,140,21,144,51,67,72,0,0,9,7,1,3.88,
Miranda, Ariel,664641,2017,31,160.0,678,600,140,37,137,63,91,93,0,0,8,7,0,5.12,
Colon, Bartolo,112526,2018,28,146.1,628,591,172,32,81,25,94,97,0,0,7,12,0,5.78,
Sabathia, CC,282332,2018,29,153.0,665,600,150,19,140,51,62,72,0,0,9,7,0,3.65,
Greinke, Zack,425844,2018,33,207.2,839,784,181,28,199,43,74,77,0,0,15,11,0,3.21,
Hamels, Cole,430935,2018,32,190.2,805,715,176,29,188,65,80,93,0,0,9,12,3,3.78,
Hernandez, Felix,433587,2018,29,155.2,684,606,159,27,125,59,96,107,0,0,8,14,0,5.55,
Verlander, Justin,434378,2018,34,214.0,833,781,156,28,290,37,60,63,0,0,16,9,2,2.52,
Liriano, Francisco,434538,2018,27,133.2,586,503,127,19,110,73,68,84,0,0,5,12,0,4.58,
Hammel, Jason,434628,2018,39,127.0,582,533,168,18,92,39,85,91,0,2,4,14,0,6.02,
Sanchez, Anibal,434671,2018,25,136.2,553,497,106,15,135,42,43,48,0,0,7,6,0,2.83,
Kluber, Corey,446372,2018,33,215.0,842,801,179,25,222,34,69,75,0,0,20,7,0,2.89,
Hill, Rich,448179,2018,25,132.2,547,493,108,20,150,41,54,57,0,0,11,5,1,3.66,
Shields, James,448306,2018,34,204.2,871,775,190,34,154,78,103,115,0,0,7,16,1,4.53,
Guerra, Junior,448855,2018,31,141.0,610,542,143,19,136,55,64,74,0,0,6,9,0,4.09,
Morton, Charlie,450203,2018,30,167.0,695,609,130,18,201,64,58,63,0,0,15,3,0,3.13,
Lester, Jon,452657,2018,32,181.2,761,681,174,24,149,64,67,75,0,0,18,6,0,3.32,
Kennedy, Ian,453178,2018,22,119.2,518,471,125,20,105,40,62,66,0,0,3,9,0,4.66,
LeBlanc, Wade,453281,2018,32,162.0,662,614,151,24,130,40,67,74,0,0,9,5,0,3.72,
Scherzer, Max,453286,2018,33,220.2,866,797,150,23,300,51,62,66,0,0,18,7,1,2.53,
Richard, Clayton,453385,2018,27,158.2,682,604,159,19,108,60,94,98,0,0,7,11,1,5.33,
Arrieta, Jake,453562,2018,31,172.2,722,649,165,21,138,57,76,93,0,0,10,11,1,3.96,
Price, David,456034,2018,30,176.0,722,657,151,25,177,50,70,75,0,0,16,7,0,3.58,
Happ, J.A.,457918,2018,31,177.2,732,668,150,27,193,51,72,81,0,0,17,6,1,3.65,
Lynn, Lance,458681,2018,31,156.2,700,616,163,14,161,76,83,87,0,0,10,10,0,4.77,
Gonzalez, Gio,461829,2018,32,171.0,746,652,167,17,148,80,80,84,0,0,10,11,0,4.21,
Estrada, Marco,462136,2018,28,143.2,627,566,155,29,103,50,90,91,0,0,7,14,0,5.64,
Nova, Ivan,467100,2018,29,161.0,683,638,171,26,114,35,75,82,0,0,9,9,1,4.19,
Chacin, Jhoulys,468504,2018,35,192.2,796,697,153,18,156,71,75,83,0,0,15,8,0,3.50,
Carrasco, Carlos,471911,2018,32,192.0,784,726,173,21,231,43,72,78,0,0,17,10,0,3.38,
Ross, Tyson,475115,2018,31,149.2,634,556,132,17,122,62,69,73,0,0,8,9,0,4.15,
Kershaw, Clayton,477132,2018,26,161.1,649,612,139,17,155,29,49,55,0,0,9,5,0,2.73,
Cashner, Andrew,488768,2018,28,153.0,681,609,177,25,99,65,90,97,0,0,4,15,0,5.29,
Quintana, Jose,500779,2018,32,174.1,739,658,162,25,158,68,78,81,0,0,13,11,0,4.03,
Minor, Mike,501985,2018,28,157.0,640,587,138,25,132,38,73,76,0,0,12,8,1,4.18,
Archer, Chris,502042,2018,27,148.1,638,579,155,19,162,49,71,77,0,0,6,8,0,4.31,
Gibson, Kyle,502043,2018,32,196.2,826,733,177,23,179,79,79,88,0,0,10,13,0,3.62,
Cobb, Alex,502171,2018,28,152.1,661,606,172,24,102,43,83,93,0,0,5,15,1,4.90,
Leake, Mike,502190,2018,31,185.2,783,739,207,23,119,34,90,98,0,0,10,10,0,4.36,
Anderson, Chase,502624,2018,30,158.0,644,575,131,30,128,57,69,71,0,0,9,8,0,3.93,
Holland, Derek,502706,2018,36,171.1,727,640,154,19,169,67,68,74,0,0,7,9,1,3.57,
Bettis, Chad,518452,2018,27,120.1,518,456,121,18,80,47,67,72,0,0,5,2,1,5.01,
Bumgarner, Madison,518516,2018,21,129.2,551,495,118,14,109,43,47,51,0,0,6,7,1,3.26,
Duffy, Danny,518633,2018,28,155.0,692,610,161,23,141,70,84,86,0,0,8,12,0,4.88,
Harvey, Matt,518774,2018,32,155.0,663,609,165,27,131,37,85,87,0,0,7,9,1,4.94,
Porcello, Rick,519144,2018,33,191.1,808,735,177,27,190,48,91,97,0,0,17,7,1,4.28,
Sale, Chris,519242,2018,27,158.0,617,565,102,11,237,34,37,39,0,0,12,4,0,2.11,
Zimmermann, Jordan,519455,2018,25,131.1,556,521,140,28,111,26,66,76,0,0,7,8,0,4.52,
Teheran, Julio,527054,2018,31,175.2,724,623,122,26,162,84,77,80,0,0,9,9,3,3.94,
Anderson, Tyler,542881,2018,32,176.0,736,665,165,30,164,58,89,94,0,0,7,9,2,4.55,
Cole, Gerrit,543037,2018,32,200.1,799,723,143,19,276,64,64,68,0,0,15,5,0,2.88,
Gaviglio, Sam,543208,2018,26,123.2,548,498,140,21,105,38,73,77,0,0,3,10,2,5.31,
Gray, Sonny,543243,2018,30,130.1,582,511,138,14,123,57,71,73,0,1,11,9,1,4.90,
Hendricks, Kyle,543294,2018,33,199.0,812,745,184,22,161,44,76,82,0,0,14,11,0,3.44,
Montgomery, Mike,543557,2018,38,124.0,534,481,131,10,86,39,55,58,0,0,5,6,0,3.99,
Odorizzi, Jake,543606,2018,32,164.1,711,625,151,20,162,70,82,89,0,0,7,10,0,4.49,
Roark, Tanner,543699,2018,31,180.1,760,690,181,24,146,50,87,90,0,0,9,15,0,4.34,
Strasburg, Stephen,544931,2018,22,130.0,544,492,118,18,156,38,54,59,0,0,10,7,1,3.74,
Bauer, Trevor,545333,2018,28,175.1,717,645,134,9,221,57,43,51,1,0,12,6,0,2.21,
Tanaka, Masahiro,547888,2018,27,156.0,635,588,141,25,159,35,65,68,0,0,12,6,0,3.75,
Stripling, Ross,548389,2018,33,122.0,503,478,123,18,136,22,41,42,0,0,8,6,0,3.02,
Wheeler, Zack,554430,2018,29,182.1,744,668,150,14,179,55,67,69,0,0,12,7,1,3.31,
Urena, Jose,570632,2018,31,174.0,712,640,155,19,130,51,77,78,0,0,9,12,1,3.98,
Boyd, Matthew,571510,2018,31,170.1,709,639,146,27,159,51,83,87,0,0,9,13,2,4.39,
Corbin, Patrick,571578,2018,33,200.0,800,742,162,15,246,48,70,70,0,0,11,7,0,3.15,
Fiers, Mike,571666,2018,31,172.0,714,666,166,32,139,37,68,71,0,0,12,8,0,3.56,
Heaney, Andrew,571760,2018,30,180.0,749,689,171,27,180,45,83,91,0,0,9,10,0,4.15,
Matz, Steven,571927,2018,30,154.0,654,578,134,25,152,58,68,77,0,0,5,11,0,3.97,
Mikolas, Miles,571945,2018,32,200.2,808,760,186,16,146,29,63,70,0,0,18,4,1,2.83,
Paxton, James,572020,2018,28,160.1,645,598,134,23,208,42,67,67,0,0,11,6,0,3.76,
Skaggs, Tyler,572140,2018,24,125.1,533,484,127,14,129,40,56,60,0,0,8,10,0,4.02,
Keuchel, Dallas,572971,2018,34,204.2,874,802,211,18,153,58,85,92,0,0,12,11,0,3.74,
Straily, Dan,573185,2018,23,122.1,518,452,107,20,99,52,56,62,0,0,5,6,0,4.12,
Covey, Dylan,592229,2018,27,121.2,541,480,129,13,91,51,70,81,0,0,5,14,0,5.18,
Foltynewicz, Mike,592314,2018,31,183.0,743,666,130,17,202,68,58,65,0,0,13,10,2,2.85,
Gausman, Kevin,592332,2018,31,183.2,776,715,189,26,148,50,80,85,0,0,10,11,0,3.92,
Gray, Jon,592351,2018,31,172.1,742,677,180,27,183,52,98,102,0,0,12,9,2,5.12,
Ray, Robbie,592662,2018,24,123.2,526,449,97,19,165,70,54,55,0,0,6,2,0,3.93,
Syndergaard, Noah,592789,2018,25,154.1,644,592,148,9,155,39,52,55,0,0,13,4,0,3.03,
Taillon, Jameson,592791,2018,32,191.0,785,727,179,20,179,46,68,69,0,0,14,10,0,3.20,
Velasquez, Vince,592826,2018,31,146.2,630,553,138,16,161,59,79,83,0,0,9,12,0,4.85,
Williams, Trevor,592866,2018,31,170.2,701,632,146,15,126,55,59,64,0,0,14,10,0,3.11,
Martinez, Carlos,593372,2018,33,118.2,521,439,100,5,117,60,41,48,5,0,8,6,0,3.11,
Rodriguez, Eduardo,593958,2018,27,129.2,553,501,119,16,146,45,55,56,0,0,13,5,0,3.82,
deGrom, Jacob,594798,2018,32,217.0,835,776,152,10,269,46,41,48,0,0,10,9,0,1.70,
Gonzales, Marco,594835,2018,29,166.2,686,643,172,17,145,32,74,76,0,0,13,9,0,4.00,
Junis, Jakob,596001,2018,30,177.0,758,688,182,32,164,43,86,94,0,0,9,12,0,4.37,
Weaver, Luke,596133,2018,30,136.1,609,542,150,19,121,54,75,83,0,0,7,11,0,4.95,
Pivetta, Nick,601713,2018,33,164.0,694,624,163,24,188,51,87,91,0,0,7,14,0,4.77,
Bundy, Dylan,605164,2018,31,171.2,750,685,188,41,184,54,104,116,0,0,8,16,1,5.45,
Clevinger, Mike,605182,2018,32,200.0,809,737,164,21,207,67,67,71,0,0,13,8,0,3.02,
Fulmer, Michael,605242,2018,24,132.1,558,504,128,19,110,46,69,75,0,0,3,12,0,4.69,
Nola, Aaron,605400,2018,33,212.1,831,756,149,17,224,58,56,57,0,0,17,6,1,2.37,
Snell, Blake,605483,2018,31,180.2,700,630,112,16,221,64,38,41,0,0,21,5,0,1.89,
Suarez, Andrew,605498,2018,29,160.1,665,606,163,23,130,45,80,85,0,0,7,13,0,4.49,
Rodon, Carlos,607074,2018,20,120.2,510,441,97,15,90,55,56,61,0,0,6,8,0,4.18,
Romano, Sal,607219,2018,39,145.2,644,580,155,23,105,53,86,92,0,0,8,11,0,5.31,
Freeland, Kyle,607536,2018,33,202.1,844,757,182,17,173,70,64,64,0,0,17,7,0,2.85,
Giolito, Lucas,608337,2018,32,173.1,775,664,166,27,125,90,118,123,0,0,10,13,0,6.13,
Marquez, German,608566,2018,33,196.0,815,742,179,24,230,57,82,90,0,0,14,11,0,3.77,
Stratton, Chris,608717,2018,28,145.0,625,560,153,19,112,54,82,87,0,0,10,10,0,5.09,
Chen, Wei-Yin,612672,2018,26,133.1,572,511,131,19,111,47,71,75,0,0,6,12,1,4.79,
Eflin, Zach,621107,2018,24,128.0,548,499,130,16,123,37,62,69,0,0,11,8,0,4.36,
Buehler, Walker,621111,2018,24,137.1,541,493,95,12,151,37,40,43,0,1,8,5,0,2.62,
McCullers Jr., Lance,621121,2018,25,128.1,527,465,100,12,142,50,55,60,0,0,10,6,1,3.86,
Berrios, Jose,621244,2018,32,192.1,797,717,159,25,202,61,82,83,0,0,12,11,0,3.84,
Blach, Ty,621389,2018,47,118.2,512,461,133,8,75,41,56,62,0,0,6,7,1,4.25,
Wood, Alex,622072,2018,33,151.2,637,579,143,14,135,40,62,70,0,0,9,7,1,3.68,
Castillo, Luis,622491,2018,31,169.2,708,645,158,28,165,49,81,89,0,0,10,12,2,4.30,
Severino, Luis,622663,2018,32,191.1,780,726,173,19,220,46,72,76,0,0,19,8,0,3.39,
Lopez, Reynaldo,625643,2018,32,188.2,799,705,165,25,151,75,82,88,0,0,7,10,3,3.91,
Maeda, Kenta,628317,2018,39,125.1,532,479,115,13,153,43,53,58,2,0,8,10,2,3.81,
Manaea, Sean,640455,2018,27,160.2,654,608,141,21,108,32,64,67,0,0,12,9,0,3.59,
Keller, Brad,641745,2018,41,140.1,583,528,133,7,96,50,48,50,0,2,9,6,0,3.08,
Lauer, Eric,641778,2018,23,112.0,504,446,127,15,100,46,54,61,0,0,6,7,1,4.34,
Mahle, Tyler,641816,2018,23,112.0,506,442,125,22,110,53,62,68,0,0,7,9,0,4.98,
Yarbrough, Ryan,642232,2018,38,147.1,628,568,140,18,128,50,64,70,0,0,16,6,0,3.91,
Barria, Jaime,642545,2018,26,129.1,537,483,117,17,98,47,49,50,0,0,10,9,1,3.41,
Godley, Zack,643327,2018,33,178.1,791,682,177,16,185,81,94,103,0,0,15,11,1,4.74,
Flaherty, Jack,656427,2018,28,151.0,615,542,108,20,182,59,56,59,0,0,8,9,0,3.34,
Newcomb, Sean,656794,2018,31,164.0,696,607,137,18,160,81,71,74,0,0,12,9,0,3.90,
Lucchesi, Joey,664192,2018,26,130.0,548,493,125,23,145,43,59,63,0,0,8,9,0,4.08,
Richards, Trevor,670950,2018,25,126.1,547,479,121,15,130,54,62,65,0,0,4,9,1,4.42,
Wainwright, Adam,425794,2019,31,171.2,745,662,181,22,153,64,80,83,0,0,14,10,0,4.19,
Greinke, Zack,425844,2019,33,208.2,810,767,175,21,187,30,68,73,0,0,18,5,1,2.93,
Hamels, Cole,430935,2019,27,141.2,617,542,141,17,143,56,60,64,0,0,7,7,0,3.81,
Verlander, Justin,434378,2019,34,223.0,847,796,137,36,300,42,64,66,0,0,21,6,0,2.58,
Sanchez, Anibal,434671,2019,30,166.0,712,647,153,22,134,58,71,77,0,0,11,8,3,3.85,
Morton, Charlie,450203,2019,33,194.2,790,717,154,15,240,57,66,71,0,0,16,6,1,3.05,
Vargas, Jason,450306,2019,30,149.2,649,566,141,21,124,63,75,84,0,0,7,9,0,4.51,
Lester, Jon,452657,2019,31,171.2,764,698,205,26,165,52,85,101,0,0,13,10,0,4.46,
LeBlanc, Wade,453281,2019,26,121.1,532,498,145,28,92,31,77,80,0,0,6,7,0,5.71,
Scherzer, Max,453286,2019,27,172.1,693,650,144,18,243,33,56,59,0,0,11,7,0,2.92,
Arrieta, Jake,453562,2019,24,135.2,594,527,149,21,110,51,70,76,0,0,8,8,0,4.64,
Bailey, Homer,456701,2019,31,163.1,696,632,162,21,149,53,83,84,0,0,13,9,1,4.57,
Happ, J.A.,457918,2019,31,161.1,678,621,160,34,140,49,88,88,0,0,12,8,0,4.91,
Lynn, Lance,458681,2019,33,208.1,875,801,195,21,246,59,85,89,0,0,16,11,0,3.67,
Nova, Ivan,467100,2019,34,187.0,806,743,225,30,114,47,98,107,0,0,11,12,0,4.72,
Anderson, Brett,474463,2019,31,176.0,743,682,181,20,90,49,76,80,0,0,13,9,0,3.89,
Kershaw, Clayton,477132,2019,29,178.1,706,654,145,28,189,41,60,63,0,0,16,5,1,3.03,
Cashner, Andrew,488768,2019,42,150.0,636,570,144,19,108,58,78,84,1,0,11,8,0,4.68,
Miley, Wade,489119,2019,33,167.1,720,646,164,23,140,61,74,83,0,0,14,6,2,3.98,
Quintana, Jose,500779,2019,32,171.0,745,678,191,20,152,46,89,100,0,0,13,9,0,4.68,
Pineda, Michael,501381,2019,26,146.0,600,558,141,23,140,28,65,68,0,0,11,5,0,4.01,
Minor, Mike,501985,2019,32,208.1,863,779,190,30,200,68,83,86,0,0,14,10,0,3.59,
Archer, Chris,502042,2019,23,119.2,526,458,114,25,143,55,69,73,0,0,3,9,0,5.19,
Gibson, Kyle,502043,2019,34,160.0,706,637,175,23,160,56,86,99,0,1,13,7,0,4.84,
Samardzija, Jeff,502188,2019,32,181.1,740,677,152,28,140,49,71,78,0,0,11,12,0,3.52,
Leake, Mike,502190,2019,32,197.0,835,793,227,41,127,27,94,114,0,0,12,11,0,4.29,
Anderson, Chase,502624,2019,32,139.0,592,526,126,23,124,50,65,67,0,0,8,4,1,4.21,
Darvish, Yu,506433,2019,31,178.2,731,657,140,33,229,56,79,82,0,0,6,8,0,3.98,
Bumgarner, Madison,518516,2019,34,207.2,844,780,191,30,203,43,90,99,0,0,9,9,0,3.90,
Duffy, Danny,518633,2019,23,130.2,555,498,125,21,115,46,63,69,0,0,7,6,0,4.34,
Kelly, Merrill,518876,2019,32,183.1,777,709,184,29,158,57,90,95,0,0,13,14,0,4.42,
Porcello, Rick,519144,2019,32,174.1,768,712,198,31,143,45,107,114,0,0,14,12,2,5.52,
Sale, Chris,519242,2019,25,147.1,612,556,123,24,218,37,72,80,0,0,6,11,0,4.40,
Zimmermann, Jordan,519455,2019,23,112.0,504,466,145,19,82,25,86,89,0,0,1,13,0,6.91,
Perez, Martin,527048,2019,32,165.1,737,659,184,23,135,67,94,104,0,0,10,7,1,5.12,
Teheran, Julio,527054,2019,33,174.2,754,645,148,22,162,83,74,81,0,0,10,11,1,3.81,
Cole, Gerrit,543037,2019,33,212.1,817,762,142,29,326,48,59,66,0,0,20,5,3,2.50,
DeSclafani, Anthony,543101,2019,31,166.2,696,635,151,29,167,49,72,77,0,0,9,9,1,3.89,
Gray, Sonny,543243,2019,31,175.1,708,622,122,17,205,68,56,59,0,0,11,8,1,2.87,
Hendricks, Kyle,543294,2019,30,177.0,730,675,168,19,150,32,68,78,0,0,11,10,0,3.46,
Lyles, Jordan,543475,2019,28,141.0,599,538,131,25,146,55,65,72,0,0,12,8,0,4.15,
Odorizzi, Jake,543606,2019,30,159.0,658,593,139,16,178,53,62,65,0,0,15,7,0,3.51,
Roark, Tanner,543699,2019,31,165.1,722,655,180,28,158,51,80,84,0,0,10,10,0,4.35,
Strasburg, Stephen,544931,2019,33,209.0,841,768,161,24,251,56,77,79,0,0,18,6,0,3.32,
Bauer, Trevor,545333,2019,34,213.0,911,800,184,34,253,82,106,118,0,0,11,13,0,4.48,
Tanaka, Masahiro,547888,2019,32,182.0,759,713,186,28,149,40,90,95,0,0,11,9,0,4.45,
Ryu, Hyun Jin,547943,2019,29,182.2,723,685,160,17,163,24,47,53,0,0,14,5,0,2.32,
Wheeler, Zack,554430,2019,31,195.1,828,760,196,22,195,50,86,93,0,0,11,8,0,3.96,
Boyd, Matthew,571510,2019,32,185.1,788,721,178,39,238,50,94,101,0,0,9,12,4,4.56,
Corbin, Patrick,571578,2019,33,202.0,835,746,169,24,238,70,73,81,0,0,14,7,0,3.25,
Fiers, Mike,571666,2019,33,184.2,754,683,166,30,126,53,80,82,0,0,15,4,1,3.90,
Matz, Steven,571927,2019,32,160.1,691,626,163,27,153,52,75,83,0,0,11,10,0,4.21,
Mikolas, Miles,571945,2019,32,184.0,764,710,193,27,144,32,85,90,0,0,9,14,2,4.16,
Paxton, James,572020,2019,29,150.2,633,570,138,23,186,55,64,71,0,0,15,6,1,3.82,
Stroman, Marcus,573186,2019,32,184.1,774,711,183,18,159,58,66,77,0,0,10,13,0,3.22,
Kikuchi, Yusei,579328,2019,32,161.2,721,660,195,36,116,50,98,109,0,0,6,11,1,5.46,
Gray, Jon,592351,2019,26,150.0,637,567,147,19,150,56,64,70,0,0,11,8,0,3.84,
Ray, Robbie,592662,2019,33,174.1,747,642,150,30,235,84,84,91,0,0,12,8,0,4.34,
Sampson, Adrian,592716,2019,35,125.1,563,516,156,29,101,36,82,86,0,0,6,8,1,5.89,
Sanchez, Aaron,592717,2019,27,131.1,605,521,145,20,115,68,86,92,0,0,5,14,0,5.89,
Smith, Caleb,592761,2019,28,153.1,646,573,128,33,168,60,77,82,0,0,10,11,1,4.52,
Smyly, Drew,592767,2019,25,114.0,514,453,126,32,120,55,79,83,1,0,4,7,0,6.24,
Syndergaard, Noah,592789,2019,32,197.2,824,758,194,24,202,49,94,101,0,0,10,8,0,4.28,
Velasquez, Vince,592826,2019,33,117.1,516,458,120,26,130,43,64,69,0,0,7,8,0,4.91,
Williams, Trevor,592866,2019,26,145.2,636,571,162,27,113,44,87,93,0,0,7,9,0,5.38,
German, Domingo,593334,2019,27,143.0,594,548,125,30,153,39,64,69,0,0,18,4,0,4.03,
Rodriguez, Eduardo,593958,2019,34,203.1,859,770,195,24,213,75,86,88,0,0,19,6,0,3.81,
deGrom, Jacob,594798,2019,32,204.0,804,745,154,19,255,44,55,59,0,0,11,8,0,2.43,
Gonzales, Marco,594835,2019,34,203.0,866,794,210,23,147,56,90,106,0,0,16,13,1,3.99,
Beede, Tyler,595881,2019,24,117.0,523,468,127,22,113,46,66,70,0,0,5,10,0,5.08,
Junis, Jakob,596001,2019,31,175.1,771,696,192,31,164,58,102,108,0,0,9,14,0,5.24,
Norris, Daniel,596057,2019,32,144.1,610,560,154,25,125,38,72,75,0,0,3,13,0,4.49,
Bassitt, Chris,605135,2019,28,144.0,612,545,125,21,141,47,61,66,0,0,10,5,0,3.81,
Bundy, Dylan,605164,2019,30,161.2,700,628,161,29,162,58,86,95,0,0,7,14,1,4.79,
Davies, Zach,605200,2019,31,159.2,672,606,155,20,102,51,63,73,0,0,10,7,0,3.55,
Lopez, Jorge,605347,2019,39,123.2,548,489,140,27,109,42,87,94,1,1,4,9,0,6.33,
Musgrove, Joe,605397,2019,32,170.1,718,662,168,21,157,39,84,98,0,0,11,12,0,4.44,
Nola, Aaron,605400,2019,34,202.1,852,755,176,27,229,80,87,91,0,0,12,7,0,3.87,
Turnbull, Spencer,605513,2019,30,148.1,656,576,154,14,146,59,76,86,0,0,3,17,0,4.61,
Means, John,607644,2019,31,155.0,637,590,138,23,121,38,62,68,0,0,12,11,0,3.60,
Fried, Max,608331,2019,33,165.2,702,644,174,21,173,47,74,80,0,0,17,6,1,4.02,
Giolito, Lucas,608337,2019,29,176.2,705,640,131,24,228,57,67,69,0,0,14,9,0,3.41,
Wacha, Michael,608379,2019,29,126.2,561,493,143,26,104,54,67,71,0,0,6,7,0,4.76,
Marquez, German,608566,2019,28,174.0,721,671,174,29,175,35,92,96,0,0,12,5,1,4.76,
Eflin, Zach,621107,2019,32,163.1,705,642,172,28,129,48,75,88,0,0,10,13,0,4.13,
Buehler, Walker,621111,2019,30,182.1,737,685,153,20,215,37,66,77,0,0,14,4,0,3.26,
Berrios, Jose,621244,2019,32,200.1,842,774,194,26,195,51,82,94,0,0,14,8,1,3.68,
Castillo, Luis,622491,2019,32,190.2,780,688,139,22,226,78,72,76,0,0,15,8,3,3.40,
Senzatela, Antonio,622608,2019,25,124.2,582,514,161,19,76,57,93,99,0,0,11,11,3,6.71,
Lopez, Reynaldo,625643,2019,33,184.0,809,729,203,35,169,65,110,119,0,0,10,15,2,5.38,
Maeda, Kenta,628317,2019,37,153.2,624,564,114,22,169,51,69,70,3,0,10,8,0,4.04,
Chirinos, Yonny,630023,2019,26,133.1,530,498,112,23,114,28,57,61,0,0,9,5,3,3.85,
Hudson, Dakota,641712,2019,33,174.2,757,652,160,22,136,86,65,80,1,0,16,7,0,3.35,
Keller, Brad,641745,2019,28,165.1,709,624,154,15,122,70,77,80,0,0,7,14,1,4.19,
Lauer, Eric,641778,2019,30,149.2,651,589,158,20,138,51,74,82,0,0,8,10,1,4.45,
Mahle, Tyler,641816,2019,25,129.2,556,512,136,25,129,34,74,82,0,0,3,12,1,5.14,
Sparkman, Glenn,642098,2019,31,136.0,606,554,164,30,81,41,91,96,0,0,4,11,2,6.02,
Yarbrough, Ryan,642232,2019,28,141.2,563,530,121,15,117,20,65,69,0,1,11,6,1,4.13,
Jurado, Ariel,642558,2019,32,122.1,541,487,148,21,81,36,79,94,0,0,7,11,0,5.81,
Brault, Steven,643230,2019,25,113.1,505,441,117,15,100,53,65,69,0,0,4,6,1,5.16,
Alcantara, Sandy,645261,2019,32,197.1,838,743,179,23,151,81,85,94,0,0,6,14,1,3.88,
Soroka, Michael,647336,2019,29,174.2,701,647,153,14,142,41,52,56,0,0,13,4,0,2.68,
Flaherty, Jack,656427,2019,33,196.1,772,704,135,25,231,55,60,62,0,0,11,8,0,2.75,
Thornton, Trent,663423,2019,32,154.1,676,603,156,24,149,60,83,87,0,0,6,9,0,4.84,
Paddack, Chris,663978,2019,26,140.2,568,524,107,23,153,31,52,58,0,0,9,7,1,3.33,
Lucchesi, Joey,664192,2019,30,163.2,686,619,144,23,158,56,76,78,0,0,10,10,0,4.18,
Bieber, Shane,669456,2019,34,214.1,859,810,186,31,259,40,78,86,0,0,15,8,1,3.28,
Richards, Trevor,670950,2019,30,135.1,580,510,127,19,127,56,61,63,0,0,6,12,0,4.06,
Wainwright, Adam,425794,2020,10,65.2,262,244,54,9,54,15,23,25,0,0,5,3,0,3.15,
Greinke, Zack,425844,2020,12,67.0,273,262,67,6,67,9,30,30,0,0,3,3,0,4.03,
Sanchez, Anibal,434671,2020,11,53.0,245,224,70,11,43,18,39,40,0,0,4,5,2,6.62,
Lester, Jon,452657,2020,12,61.0,265,244,64,11,42,17,35,35,0,0,3,3,0,5.16,
Scherzer, Max,453286,2020,12,67.1,295,269,70,10,92,23,28,30,0,0,5,4,0,3.74,
Arrieta, Jake,453562,2020,9,44.1,190,171,51,6,32,16,25,25,0,0,4,4,0,5.08,
Cueto, Johnny,456501,2020,12,63.1,277,246,61,9,56,26,38,41,0,0,2,3,2,5.40,
Happ, J.A.,457918,2020,9,49.1,196,178,37,8,42,15,19,19,0,0,2,2,0,3.47,
Lindblom, Josh,458676,2020,12,45.1,191,172,42,6,52,16,26,26,0,0,2,4,0,5.16,
Lynn, Lance,458681,2020,13,84.0,344,311,64,13,89,25,31,34,0,0,6,3,0,3.32,
Carrasco, Carlos,471911,2020,12,68.0,280,249,55,8,82,27,22,22,0,0,3,4,0,2.91,
Anderson, Brett,474463,2020,10,47.0,202,185,50,6,32,10,22,24,0,0,4,4,0,4.21,
Kershaw, Clayton,477132,2020,10,58.1,221,211,41,8,62,8,14,18,0,0,6,2,0,2.16,
Minor, Mike,501985,2020,12,56.2,239,217,50,11,62,20,35,36,0,0,1,6,0,5.56,
Gibson, Kyle,502043,2020,12,67.1,301,265,73,12,58,30,40,44,0,0,2,6,0,5.35,
Cobb, Alex,502171,2020,10,52.1,226,206,52,8,38,18,25,27,0,0,2,5,0,4.30,
Darvish, Yu,506433,2020,12,76.0,297,280,59,5,93,14,17,18,0,0,8,3,0,2.01,
Bumgarner, Madison,518516,2020,9,41.2,190,170,47,13,30,13,30,31,0,0,1,4,0,6.48,
Duffy, Danny,518633,2020,12,56.1,242,213,53,10,57,22,31,33,0,0,4,4,0,4.95,
Porcello, Rick,519144,2020,12,59.0,261,244,74,5,54,15,37,41,0,0,1,7,0,5.64,
Perez, Martin,527048,2020,12,62.0,262,229,55,8,46,28,31,33,0,0,3,5,0,4.50,
Anderson, Tyler,542881,2020,13,59.2,260,227,58,5,41,25,29,32,0,0,4,3,0,4.37,
Cole, Gerrit,543037,2020,12,73.0,288,269,53,14,94,17,23,27,0,0,7,3,0,2.84,
Eovaldi, Nathan,543135,2020,9,48.1,199,187,51,8,52,7,20,20,0,0,4,2,0,3.72,
Gray, Sonny,543243,2020,11,56.0,235,207,42,4,72,26,23,26,0,0,5,3,1,3.70,
Hendricks, Kyle,543294,2020,12,81.1,315,304,73,10,64,8,26,26,0,0,6,5,0,2.88,
Lyles, Jordan,543475,2020,12,57.2,266,235,67,12,36,23,45,49,0,0,1,6,1,7.02,
Roark, Tanner,543699,2020,11,47.2,220,194,60,14,41,23,36,39,0,0,2,3,0,6.80,
Bauer, Trevor,545333,2020,11,73.0,278,258,41,9,100,17,14,17,0,0,5,4,0,1.73,
Tanaka, Masahiro,547888,2020,10,48.0,197,187,48,9,44,8,19,25,0,0,3,3,0,3.56,
Ryu, Hyun Jin,547943,2020,12,67.0,275,256,60,6,72,17,20,22,0,0,5,2,0,2.69,
Stripling, Ross,548389,2020,12,49.1,220,199,56,13,40,18,32,37,1,0,3,3,0,5.84,
Wheeler, Zack,554430,2020,11,71.0,288,264,67,3,53,16,23,26,0,0,4,2,0,2.92,
Boyd, Matthew,571510,2020,12,60.1,271,241,67,15,60,22,45,46,0,0,3,7,0,6.71,
Corbin, Patrick,571578,2020,11,65.2,295,276,85,10,60,18,34,35,0,0,2,7,1,4.66,
Fiers, Mike,571666,2020,11,59.0,257,236,65,9,37,16,30,31,0,0,6,3,0,4.58,
Heaney, Andrew,571760,2020,12,66.2,279,256,63,9,70,19,33,35,0,0,4,3,0,4.46,
Richards, Garrett,572070,2020,14,51.1,213,193,47,7,46,17,23,23,0,0,2,2,0,4.03,
Keuchel, Dallas,572971,2020,11,63.1,257,238,52,2,42,17,14,15,0,0,6,2,0,1.99,
Kikuchi, Yusei,579328,2020,9,47.0,194,172,41,3,47,20,27,27,0,0,2,4,0,5.17,
Gausman, Kevin,592332,2020,12,59.2,245,226,50,8,79,16,24,26,0,0,3,3,1,3.62,
Ray, Robbie,592662,2020,12,51.2,251,203,53,13,68,45,38,40,0,0,2,5,0,6.62,
Walker, Taijuan,592836,2020,11,53.1,225,201,43,8,50,19,16,23,0,0,4,3,0,2.70,
Williams, Trevor,592866,2020,11,55.1,252,223,66,15,49,21,38,42,0,0,2,8,0,6.18,
Montas, Frankie,593423,2020,11,53.0,237,211,57,10,60,23,33,35,0,0,3,5,0,5.60,
deGrom, Jacob,594798,2020,12,68.0,268,248,47,7,104,18,18,21,0,0,4,2,0,2.38,
Gonzales, Marco,594835,2020,11,69.2,277,266,59,8,64,7,24,27,0,0,7,2,0,3.10,
Weaver, Luke,596133,2020,12,52.0,236,216,63,10,55,18,38,39,0,0,1,9,0,6.58,
Bassitt, Chris,605135,2020,11,63.0,261,240,56,6,55,17,16,18,0,0,5,2,0,2.29,
Bundy, Dylan,605164,2020,11,65.2,267,245,51,5,72,17,24,27,0,0,6,3,0,3.29,
Davies, Zach,605200,2020,12,69.1,276,255,55,9,63,19,21,26,0,0,7,4,0,2.73,
Houser, Adrian,605288,2020,12,56.0,246,221,63,8,44,21,33,41,0,0,1,6,0,5.30,
Nola, Aaron,605400,2020,12,71.1,289,263,54,9,96,23,26,31,0,0,5,5,0,3.28,
Snell, Blake,605483,2020,11,50.0,203,184,42,10,63,18,18,19,0,0,4,2,0,3.24,
Turnbull, Spencer,605513,2020,11,56.2,242,208,47,2,51,29,25,25,0,0,4,4,0,3.97,
Woodruff, Brandon,605540,2020,13,73.2,293,270,55,9,91,18,25,26,0,0,3,5,0,3.05,
Glasnow, Tyler,607192,2020,11,57.1,238,215,43,11,91,22,26,26,0,0,5,1,0,4.08,
Fedde, Erick,607200,2020,11,50.1,222,195,47,10,28,22,24,25,0,0,2,4,0,4.29,
Freeland, Kyle,607536,2020,13,70.2,304,277,77,9,46,23,34,34,0,0,2,3,0,4.33,
Fried, Max,608331,2020,11,56.0,224,199,42,2,50,19,14,14,0,0,7,0,1,2.25,
Giolito, Lucas,608337,2020,12,72.1,288,255,47,8,97,28,28,31,0,0,4,3,0,3.48,
Marquez, German,608566,2020,13,81.2,344,316,78,6,73,25,34,41,0,0,4,6,0,3.75,
Voth, Austin,608723,2020,11,49.2,225,203,57,14,44,18,35,36,0,0,2,5,0,6.34,
Eflin, Zach,621107,2020,11,59.0,245,228,60,8,70,15,26,28,0,0,4,2,0,3.97,
McCullers Jr., Lance,621121,2020,11,55.0,227,200,44,5,56,20,24,29,0,0,3,3,0,3.93,
Mills, Alec,621219,2020,11,62.1,252,230,53,13,46,19,31,31,0,0,5,5,1,4.48,
Berrios, Jose,621244,2020,12,63.0,271,240,57,8,68,26,28,28,0,0,5,4,0,4.00,
Young, Alex,622065,2020,15,46.1,204,184,51,11,39,14,28,30,0,0,2,4,0,5.44,
Castillo, Luis,622491,2020,12,70.0,292,266,62,5,89,24,25,31,0,0,4,6,0,3.21,
Senzatela, Antonio,622608,2020,12,73.1,303,279,71,9,41,18,28,29,0,0,5,3,0,3.44,
Castellani, Ryan,624418,2020,10,43.1,189,157,37,12,25,26,28,30,0,0,1,4,0,5.82,
Maeda, Kenta,628317,2020,11,66.2,248,238,40,9,80,10,20,20,0,0,6,1,0,2.70,
Urias, Julio,628711,2020,11,55.0,224,205,45,5,45,18,20,20,0,0,3,0,0,3.27,
Manaea, Sean,640455,2020,11,54.0,222,211,57,7,45,8,27,32,0,0,4,3,0,4.50,
Lopez, Pablo,641154,2020,11,57.1,240,217,50,4,59,18,23,27,0,0,6,4,0,3.61,
Keller, Brad,641745,2020,9,54.2,215,193,39,2,35,17,15,16,0,0,5,3,0,2.47,
Kuhl, Chad,641771,2020,11,46.1,197,165,35,8,44,28,22,26,0,0,2,3,0,4.27,
Mahle, Tyler,641816,2020,10,47.2,201,172,34,6,60,21,19,21,0,0,2,2,1,3.59,
Yarbrough, Ryan,642232,2020,11,55.2,234,211,54,5,44,12,22,22,0,0,1,4,0,3.56,
Dunn, Justin,643290,2020,10,45.2,198,164,31,10,38,31,22,23,0,0,4,1,0,4.34,
Civale, Aaron,650644,2020,12,74.0,312,291,82,11,69,16,39,39,0,0,4,6,1,4.74,
Canning, Griffin,656288,2020,11,56.1,238,210,54,8,56,23,25,29,0,0,2,3,0,3.99,
Cease, Dylan,656302,2020,12,58.1,255,214,50,12,44,34,26,30,0,0,5,4,0,4.01,
Montgomery, Jordan,656756,2020,10,44.0,193,181,48,7,47,9,25,27,0,0,2,3,0,5.11,
Peterson, David,656849,2020,10,49.2,205,178,36,5,40,24,19,20,0,0,6,2,0,3.44,
Sheffield, Justus,656954,2020,10,55.1,232,207,52,2,48,20,22,23,0,0,4,3,0,3.58,
Webb, Logan,657277,2020,13,54.1,246,212,61,4,46,24,33,38,0,0,3,4,0,5.47,
Lamet, Dinelson,659275,2020,12,69.0,267,242,39,5,93,20,16,18,0,0,3,1,0,2.09,
Bubic, Kris,663460,2020,10,50.0,222,198,52,8,49,22,24,29,0,0,1,6,0,4.32,
Singer, Brady,663903,2020,12,64.1,263,236,52,8,61,23,29,29,0,0,4,5,1,4.06,
Paddack, Chris,663978,2020,12,59.0,245,229,60,14,58,12,31,33,0,0,4,5,0,4.73,
Brubaker, JT,664141,2020,11,47.1,205,183,48,6,48,17,26,27,0,0,1,3,0,4.94,
Valdez, Framber,664285,2020,11,70.2,288,263,63,5,76,16,28,32,0,0,5,3,1,3.57,
Javier, Cristian,664299,2020,12,54.1,214,192,36,11,54,18,21,21,0,0,5,2,2,3.48,
Luzardo, Jesus,666200,2020,12,59.0,248,226,58,9,59,17,27,27,0,0,3,2,1,4.12,
Plesac, Zach,668676,2020,8,55.1,206,199,38,8,57,6,14,14,0,0,4,2,0,2.28,
Gallen, Zac,668678,2020,12,72.0,291,262,55,9,82,25,22,24,0,0,3,2,0,2.75,
May, Dustin,669160,2020,12,56.0,224,205,45,9,44,16,16,18,0,0,3,1,0,2.57,
Burnes, Corbin,669203,2020,12,59.2,240,213,37,2,88,24,14,15,0,0,4,1,0,2.11,
Bieber, Shane,669456,2020,12,77.1,297,275,46,7,122,21,14,15,0,0,8,1,0,1.63,
Dobnak, Randy,677976,2020,10,46.2,200,180,50,3,27,13,21,21,0,0,6,4,0,4.05,
Wainwright, Adam,425794,2021,32,206.1,828,765,168,21,174,50,70,72,0,0,17,7,1,3.05,
Greinke, Zack,425844,2021,30,171.0,697,652,164,30,120,36,79,82,0,0,11,6,0,4.16,
Hill, Rich,448179,2021,32,158.2,661,582,137,21,150,55,68,70,0,0,7,8,1,3.86,
Morton, Charlie,450203,2021,33,185.2,756,669,136,16,216,58,69,77,0,0,14,6,0,3.34,
Lester, Jon,452657,2021,28,141.1,627,558,159,25,91,55,74,84,0,0,7,6,0,4.71,
Scherzer, Max,453286,2021,30,179.1,693,644,119,23,236,36,49,53,0,0,15,4,0,2.46,
Happ, J.A.,457918,2021,30,152.1,671,615,177,30,122,48,98,100,0,0,10,8,0,5.79,
Lynn, Lance,458681,2021,28,157.0,641,588,123,18,176,45,47,52,0,0,11,6,0,2.69,
Miley, Wade,489119,2021,28,163.0,690,627,166,17,125,50,61,64,0,0,12,7,0,3.37,
Minor, Mike,501985,2021,28,158.2,669,619,156,26,149,41,89,92,0,0,8,12,0,5.05,
Gibson, Kyle,502043,2021,31,182.0,754,675,158,17,155,64,75,78,0,0,10,9,1,3.71,
Darvish, Yu,506433,2021,30,166.1,681,623,138,28,199,44,78,81,0,0,8,11,0,4.22,
Bumgarner, Madison,518516,2021,26,146.1,613,553,134,24,124,39,76,82,0,0,7,10,1,4.67,
Harvey, Matt,518774,2021,28,127.2,582,536,160,19,95,37,89,96,0,0,6,14,0,6.27,
Kelly, Merrill,518876,2021,27,158.0,667,612,163,21,130,41,78,82,0,0,7,11,0,4.44,
Perez, Martin,527048,2021,36,114.0,509,459,136,19,97,36,60,71,0,0,7,8,1,4.74,
Anderson, Tyler,542881,2021,31,167.0,703,648,170,27,134,38,84,87,0,0,7,11,1,4.53,
Cole, Gerrit,543037,2021,30,181.1,726,677,151,24,243,41,65,69,0,0,16,8,1,3.23,
DeSclafani, Anthony,543101,2021,31,167.2,676,626,141,19,152,42,59,61,0,0,13,7,0,3.17,
Eovaldi, Nathan,543135,2021,32,182.1,764,719,182,15,195,35,76,81,0,0,11,9,0,3.75,
Gray, Sonny,543243,2021,26,135.1,575,512,115,19,155,50,63,67,0,0,7,9,0,4.19,
Hendricks, Kyle,543294,2021,32,181.0,785,719,200,31,131,44,96,101,0,0,14,7,0,4.77,
Lyles, Jordan,543475,2021,32,180.0,769,697,194,38,146,56,103,104,0,0,10,13,0,5.15,
Ryu, Hyun Jin,547943,2021,31,169.0,701,658,170,24,143,37,82,85,0,0,14,10,0,4.37,
Wheeler, Zack,554430,2021,32,213.1,849,785,169,16,247,46,66,72,0,0,14,10,0,2.78,
Corbin, Patrick,571578,2021,31,171.2,751,672,192,37,143,60,111,114,0,0,9,16,0,5.82,
Heaney, Andrew,571760,2021,30,129.2,558,507,130,29,150,41,84,85,0,1,8,9,0,5.83,
Matz, Steven,571927,2021,29,150.2,647,597,158,18,144,43,64,70,0,0,14,7,1,3.82,
Richards, Garrett,572070,2021,40,136.2,617,547,158,19,115,60,74,86,3,0,7,8,0,4.87,
Keuchel, Dallas,572971,2021,32,162.0,720,652,189,25,95,59,95,105,0,0,9,9,0,5.28,
Stroman, Marcus,573186,2021,33,179.0,729,665,161,17,158,43,60,70,0,0,10,13,0,3.02,
Kikuchi, Yusei,579328,2021,29,157.0,666,597,145,27,163,62,77,82,0,0,7,9,0,4.41,
Foltynewicz, Mike,592314,2021,28,139.0,586,535,139,35,97,36,84,86,0,0,2,12,0,5.44,
Gausman, Kevin,592332,2021,33,192.0,775,715,150,20,227,50,60,66,0,0,14,6,0,2.81,
Gray, Jon,592351,2021,29,149.0,644,572,140,21,157,58,76,83,0,0,8,12,0,4.59,
Ray, Robbie,592662,2021,32,193.1,773,714,150,33,248,52,61,62,0,0,13,7,0,2.84,
Smyly, Drew,592767,2021,29,126.2,546,494,133,27,117,41,63,69,0,0,11,4,1,4.48,
Taillon, Jameson,592791,2021,29,144.1,603,547,130,24,140,44,69,73,0,0,8,6,0,4.30,
Walker, Taijuan,592836,2021,30,159.0,654,590,133,26,146,55,79,84,0,0,7,11,0,4.47,
Montas, Frankie,593423,2021,32,187.0,778,707,164,20,207,57,70,79,0,0,13,9,0,3.37,
Rodriguez, Eduardo,593958,2021,32,157.2,675,622,172,19,185,47,83,87,0,0,13,8,1,4.74,
Gonzales, Marco,594835,2021,25,143.1,585,535,125,29,108,42,63,64,0,0,10,6,0,3.96,
Pivetta, Nick,601713,2021,31,155.0,661,585,137,24,175,65,78,80,1,0,9,8,0,4.53,
Bassitt, Chris,605135,2021,27,157.1,637,583,127,15,159,39,55,55,0,0,12,4,1,3.15,
Davies, Zach,605200,2021,32,148.0,668,577,162,25,114,75,95,99,0,0,6,12,0,5.78,
Houser, Adrian,605288,2021,28,142.1,599,518,118,12,105,64,51,61,0,0,10,6,1,3.22,
Lopez, Jorge,605347,2021,33,121.2,555,485,142,21,112,56,82,83,0,1,3,14,2,6.07,
Musgrove, Joe,605397,2021,32,181.1,748,667,142,22,203,54,64,68,0,0,11,9,0,3.18,
Nola, Aaron,605400,2021,32,180.2,749,696,165,26,223,39,93,95,0,0,9,9,1,4.63,
Snell, Blake,605483,2021,27,128.2,550,472,101,16,170,69,60,61,0,0,7,6,1,4.20,
Woodruff, Brandon,605540,2021,30,179.1,708,650,130,18,211,43,51,54,0,0,9,10,0,2.56,
Rodon, Carlos,607074,2021,24,132.2,534,481,91,13,185,36,35,39,0,0,13,5,0,2.37,
Fedde, Erick,607200,2021,29,133.1,590,524,144,23,128,48,81,90,0,1,7,9,1,5.47,
Freeland, Kyle,607536,2021,23,120.2,515,469,133,20,105,38,58,59,0,0,7,8,0,4.33,
Means, John,607644,2021,26,146.2,590,557,125,30,134,26,59,64,0,0,6,9,0,3.62,
Fried, Max,608331,2021,28,165.2,667,612,139,15,158,41,56,61,0,0,14,7,0,3.04,
Giolito, Lucas,608337,2021,31,178.2,719,662,145,27,201,51,70,74,0,0,11,9,0,3.53,
Irvin, Cole,608344,2021,32,178.1,768,710,195,23,125,42,84,94,0,0,10,15,0,4.24,
Wacha, Michael,608379,2021,29,124.2,528,488,132,23,121,31,70,73,0,0,3,5,0,5.05,
Marquez, German,608566,2021,32,180.0,756,682,165,21,176,64,88,92,0,0,12,11,0,4.40,
Quantrill, Cal,615698,2021,40,149.2,616,552,129,16,121,47,48,55,0,0,8,3,0,2.89,
Kaprielian, James,621076,2021,24,119.1,502,451,105,19,123,41,54,55,0,0,8,5,0,4.07,
Buehler, Walker,621111,2021,33,207.2,815,747,149,19,212,52,57,61,0,0,16,4,0,2.47,
McCullers Jr., Lance,621121,2021,28,162.1,684,596,122,13,185,76,57,59,0,0,13,5,0,3.16,
Mills, Alec,621219,2021,32,119.0,517,470,137,16,87,34,67,75,1,0,6,7,0,5.07,
Berrios, Jose,621244,2021,32,192.0,781,714,159,22,204,45,75,83,0,0,12,9,0,3.52,
Wood, Alex,622072,2021,26,138.2,585,529,125,14,152,39,59,63,0,0,10,4,0,3.83,
Castillo, Luis,622491,2021,33,187.2,803,711,181,19,192,75,83,94,0,0,8,16,1,3.98,
Senzatela, Antonio,622608,2021,28,156.2,670,620,178,12,105,32,77,84,0,0,4,10,2,4.42,
Flexen, Chris,623167,2021,31,179.2,741,690,185,19,125,40,72,74,0,0,14,6,0,3.61,
Urias, Julio,628711,2021,32,185.2,745,691,151,19,195,38,61,67,0,0,20,3,1,2.96,
Crowe, Wil,640444,2021,26,116.2,524,457,126,25,111,57,71,75,0,0,4,8,1,5.48,
Manaea, Sean,640455,2021,32,179.1,754,702,179,25,194,41,78,79,0,0,11,10,1,3.91,
Alzolay, Adbert,640470,2021,29,125.2,519,474,112,25,128,34,64,66,1,0,5,13,3,4.58,
Dunning, Dane,641540,2021,27,117.2,511,459,126,13,114,43,59,61,0,0,5,10,0,4.51,
Keller, Brad,641745,2021,26,133.2,613,532,158,18,120,64,80,89,0,0,8,12,0,5.39,
Mahle, Tyler,641816,2021,33,180.0,759,674,158,24,210,64,75,78,0,0,13,6,0,3.75,
Yarbrough, Ryan,642232,2021,30,155.0,653,610,163,25,117,27,88,96,0,0,9,7,1,5.11,
Peralta, Freddy,642547,2021,28,144.1,580,510,84,14,195,56,45,47,0,0,10,5,0,2.81,
Alcantara, Sandy,645261,2021,33,205.2,837,768,171,21,201,50,73,85,0,0,9,15,1,3.19,
Cease, Dylan,656302,2021,32,165.2,708,623,139,20,226,68,72,77,0,0,13,7,2,3.91,
Montgomery, Jordan,656756,2021,30,157.1,661,600,150,19,162,51,67,73,0,0,6,7,1,3.83,
Webb, Logan,657277,2021,27,148.1,596,546,128,9,158,36,50,53,0,0,11,3,0,3.03,
Ohtani, Shohei,660271,2021,23,130.1,533,473,98,15,156,44,46,48,0,0,9,2,2,3.18,
Bubic, Kris,663460,2021,29,130.0,556,487,121,22,114,59,64,67,0,0,6,7,1,4.43,
Allard, Kolby,663465,2021,32,124.2,534,496,128,29,104,31,75,80,0,0,3,12,0,5.41,
Mize, Casey,663554,2021,30,150.1,612,555,130,24,118,41,62,64,0,0,7,9,0,3.71,
McClanahan, Shane,663556,2021,25,123.1,517,476,120,14,141,37,47,49,0,0,10,6,0,3.43,
Singer, Brady,663903,2021,27,128.1,586,519,146,14,131,53,70,81,0,0,5,10,1,4.91,
Brubaker, JT,664141,2021,24,124.1,537,485,123,28,129,37,74,75,0,0,5,13,1,5.36,
Valdez, Framber,664285,2021,22,134.2,572,501,110,12,125,58,47,52,0,0,11,6,2,3.14,
Anderson, Ian,666120,2021,24,128.1,535,475,105,16,124,53,51,51,0,0,9,5,0,3.58,
Plesac, Zach,668676,2021,25,142.2,598,552,137,23,100,34,74,79,0,0,10,6,1,4.67,
Gallen, Zac,668678,2021,23,121.1,523,463,108,19,139,49,58,61,0,0,4,10,0,4.30,
Burnes, Corbin,669203,2021,28,167.0,657,612,123,7,234,34,45,47,0,0,11,5,0,2.43,
Gilbert, Logan,669302,2021,24,119.1,503,464,112,17,128,28,62,63,0,0,6,5,0,4.68,
Skubal, Tarik,669373,2021,31,149.1,634,576,141,35,164,47,72,76,0,0,8,12,0,4.34,
Rogers, Trevor,669432,2021,25,133.0,550,490,107,6,157,46,39,46,0,0,7,8,1,2.64,
Garcia, Luis,677651,2021,30,155.1,633,573,133,19,167,50,60,62,0,0,11,8,1,3.48,
Wainwright, Adam,425794,2022,32,191.2,803,736,192,16,143,54,79,80,0,0,11,12,0,3.71,
Greinke, Zack,425844,2022,26,137.0,585,549,157,14,73,27,56,65,0,0,4,9,0,3.68,
Verlander, Justin,434378,2022,28,175.0,666,625,116,12,185,29,34,43,0,0,18,4,0,1.75,
Kluber, Corey,446372,2022,31,164.0,689,650,178,20,139,21,79,82,0,0,10,10,0,4.34,
Hill, Rich,448179,2022,26,124.1,526,484,125,15,109,37,59,67,0,0,8,7,2,4.27,
Morton, Charlie,450203,2022,31,172.0,728,640,149,28,205,63,83,85,0,0,9,6,0,4.34,
Scherzer, Max,453286,2022,23,145.1,565,523,108,13,173,24,37,39,0,0,11,5,0,2.29,
Cueto, Johnny,456501,2022,25,158.1,651,604,161,15,102,33,59,66,0,1,8,10,1,3.35,
Lynn, Lance,458681,2022,21,121.2,512,481,119,19,124,19,54,65,0,0,8,7,0,3.99,
Carrasco, Carlos,471911,2022,29,152.0,645,593,161,17,152,41,67,71,0,0,15,7,0,3.97,
Quintana, Jose,500779,2022,32,165.2,679,626,154,8,137,47,54,61,0,0,6,7,0,2.93,
Gibson, Kyle,502043,2022,31,167.2,718,656,176,24,144,48,94,98,0,0,10,8,0,5.05,
Cobb, Alex,502171,2022,28,149.2,631,580,152,9,151,43,62,72,0,0,7,8,1,3.73,
Darvish, Yu,506433,2022,30,194.2,771,715,148,22,197,37,67,67,0,0,16,8,1,3.10,
Bumgarner, Madison,518516,2022,30,158.2,698,637,179,25,112,49,86,97,0,0,7,15,0,4.88,
Kelly, Merrill,518876,2022,33,200.1,804,739,167,21,177,61,75,77,0,0,13,8,1,3.37,
Perez, Martin,527048,2022,32,196.1,821,738,178,11,169,69,63,70,0,0,12,8,2,2.89,
Anderson, Tyler,542881,2022,30,178.2,707,657,145,14,138,34,51,57,0,0,15,5,0,2.57,
Cole, Gerrit,543037,2022,33,200.2,793,738,154,33,257,50,78,81,0,0,13,8,2,3.50,
Lyles, Jordan,543475,2022,32,179.0,774,710,196,26,144,52,88,94,0,0,12,11,0,4.42,
Stripling, Ross,548389,2022,32,134.1,536,511,117,12,111,20,45,49,1,0,10,4,0,3.01,
Wheeler, Zack,554430,2022,26,153.0,607,565,125,13,163,34,48,52,0,0,12,7,1,2.82,
Corbin, Patrick,571578,2022,31,152.2,713,655,210,27,128,49,107,119,0,0,6,19,0,6.31,
Mikolas, Miles,571945,2022,33,202.1,805,751,170,25,153,39,74,81,0,0,12,13,1,3.29,
Stroman, Marcus,573186,2022,25,138.2,569,525,123,16,119,36,54,61,0,0,6,7,2,3.50,
Gausman, Kevin,592332,2022,31,174.2,725,690,188,15,205,28,65,72,0,0,12,10,2,3.35,
Gray, Jon,592351,2022,24,127.1,521,472,105,17,134,39,56,61,0,0,7,7,2,3.96,
Ray, Robbie,592662,2022,32,189.0,775,705,163,32,212,62,78,80,0,0,12,12,0,3.71,
Syndergaard, Noah,592789,2022,25,134.2,565,525,138,14,95,31,59,62,0,0,10,10,0,3.94,
Taillon, Jameson,592791,2022,32,177.1,728,684,168,26,151,32,77,78,0,0,14,5,0,3.91,
Walker, Taijuan,592836,2022,29,157.1,649,596,143,15,132,45,61,63,0,0,12,5,0,3.49,
Montas, Frankie,593423,2022,27,144.1,608,550,137,18,142,43,65,72,0,0,5,12,0,4.05,
Gonzales, Marco,594835,2022,32,183.0,783,717,194,30,103,50,84,97,0,0,10,15,0,4.13,
Gomber, Austin,596295,2022,33,124.2,529,488,137,20,95,34,77,80,0,0,5,7,0,5.56,
Pivetta, Nick,601713,2022,33,179.2,773,691,175,27,175,73,91,91,0,0,10,12,1,4.56,
Bassitt, Chris,605135,2022,30,181.2,745,680,159,19,167,49,69,71,0,0,15,9,1,3.42,
Bundy, Dylan,605164,2022,29,140.0,595,558,151,24,94,28,76,79,0,0,8,8,0,4.89,
Davies, Zach,605200,2022,27,134.1,570,507,122,21,102,52,61,66,0,0,2,5,0,4.09,
Musgrove, Joe,605397,2022,30,181.0,740,679,154,22,184,42,59,67,0,0,10,7,0,2.93,
Nola, Aaron,605400,2022,32,205.0,807,766,168,19,235,29,74,75,0,0,11,13,0,3.25,
Snell, Blake,605483,2022,24,128.0,535,476,103,11,171,51,48,51,0,0,8,10,0,3.38,
Springs, Jeffrey,605488,2022,33,135.1,549,513,114,14,144,31,37,42,0,0,9,5,1,2.46,
Thompson, Zach,605507,2022,29,121.2,543,493,138,19,90,46,70,76,0,0,3,10,0,5.18,
Woodruff, Brandon,605540,2022,27,153.1,620,568,122,18,190,42,52,56,0,0,13,4,0,3.05,
Rodon, Carlos,607074,2022,31,178.0,710,649,131,12,237,52,57,59,0,0,14,8,0,2.88,
Fedde, Erick,607200,2022,27,127.0,573,508,149,21,94,58,82,84,0,0,6,13,0,5.81,
Freeland, Kyle,607536,2022,31,174.2,766,687,193,19,131,53,88,96,0,0,9,11,0,4.53,
Fried, Max,608331,2022,30,185.1,733,692,156,12,170,32,51,55,0,0,14,7,0,2.48,
Giolito, Lucas,608337,2022,30,161.2,698,628,171,24,177,61,88,92,0,0,11,9,0,4.90,
Irvin, Cole,608344,2022,30,181.0,741,693,174,25,128,36,80,87,0,0,9,13,0,3.98,
Wacha, Michael,608379,2022,23,127.1,515,476,111,18,104,31,47,49,0,0,11,2,0,3.32,
Marquez, German,608566,2022,31,181.2,779,704,185,30,150,63,100,109,0,0,9,13,2,4.95,
Quantrill, Cal,615698,2022,32,186.1,770,702,178,21,128,47,70,78,0,0,15,5,0,3.38,
Kaprielian, James,621076,2022,26,134.0,577,507,121,16,98,59,63,68,0,0,5,9,0,4.23,
Berrios, Jose,621244,2022,32,172.0,753,692,199,29,149,45,100,103,0,0,12,7,0,5.23,
Wood, Alex,622072,2022,26,130.2,555,504,132,17,131,30,74,78,0,0,8,12,0,5.10,
Castillo, Luis,622491,2022,25,150.1,615,557,118,13,167,45,50,56,0,0,8,6,1,2.99,
Flexen, Chris,623167,2022,33,137.2,590,529,132,17,95,51,57,61,2,0,8,9,0,3.73,
Suarez, Ranger,624133,2022,29,155.1,662,598,149,15,129,58,63,74,0,0,10,7,2,3.65,
Urias, Julio,628711,2022,31,175.0,689,639,127,23,166,41,42,51,0,0,17,7,1,2.16,
Manaea, Sean,640455,2022,30,158.0,671,611,155,29,156,50,87,95,0,0,8,9,0,4.96,
Lopez, Pablo,641154,2022,32,180.0,736,671,157,21,174,53,75,78,0,0,10,10,0,3.75,
Cortes Jr., Nestor,641482,2022,28,158.1,615,572,108,16,163,38,43,44,0,0,12,4,0,2.44,
Dunning, Dane,641540,2022,29,153.1,671,589,158,20,137,62,76,80,0,0,4,8,0,4.46,
Hudson, Dakota,641712,2022,27,139.2,596,517,141,9,78,61,69,71,0,0,8,7,0,4.45,
Keller, Brad,641745,2022,35,139.2,617,553,153,17,102,57,79,86,1,0,6,14,0,5.09,
Kuhl, Chad,641771,2022,27,137.0,617,546,155,25,110,58,87,91,0,0,6,11,0,5.72,
Lauer, Eric,641778,2022,29,158.2,661,592,135,27,157,59,65,71,0,0,11,7,2,3.69,
Mahle, Tyler,641816,2022,23,120.2,503,452,104,16,126,43,59,61,0,0,6,8,1,4.40,
Alcantara, Sandy,645261,2022,32,228.2,886,820,174,16,207,50,58,67,0,0,14,9,0,2.28,
Cease, Dylan,656302,2022,32,184.0,747,663,126,16,227,78,45,55,0,0,14,8,1,2.20,
Keller, Mitch,656605,2022,31,159.0,687,609,162,14,138,60,69,77,0,0,5,12,1,3.91,
Montgomery, Jordan,656756,2022,32,178.1,724,677,159,21,158,36,69,72,0,0,9,6,0,3.48,
Rasmussen, Drew,656876,2022,28,146.0,584,545,121,13,125,31,46,51,0,0,11,7,0,2.84,
Steele, Justin,657006,2022,24,119.0,512,454,111,8,126,50,42,53,0,0,4,7,1,3.18,
Wright, Kyle,657140,2022,30,180.1,738,672,156,19,174,53,64,67,0,0,21,5,0,3.19,
Otto Jr., Glenn,657248,2022,27,135.2,587,505,119,21,107,62,70,74,0,0,7,10,0,4.64,
Webb, Logan,657277,2022,32,192.1,787,726,174,11,163,49,62,76,0,0,15,9,0,2.90,
Ryan, Joe,657746,2022,27,147.0,604,546,115,20,151,47,58,60,0,0,13,8,0,3.55,
Ohtani, Shohei,660271,2022,28,166.0,660,610,124,14,219,44,43,45,0,0,15,9,0,2.33,
Bubic, Kris,663460,2022,28,129.0,587,510,156,18,110,63,80,87,0,0,3,13,1,5.58,
McKenzie, Triston,663474,2022,31,191.1,741,688,138,25,190,44,63,65,0,0,11,11,0,2.96,
McClanahan, Shane,663556,2022,28,166.1,640,597,116,19,194,37,47,52,0,0,12,8,0,2.54,
Lynch, Daniel,663738,2022,27,131.2,600,535,155,21,122,52,75,79,0,0,4,13,2,5.13,
Sandoval, Patrick,663776,2022,27,148.2,638,565,139,8,151,60,48,56,0,0,6,9,0,2.91,
Singer, Brady,663903,2022,27,153.1,621,569,140,18,150,35,55,58,0,0,10,5,1,3.23,
Brubaker, JT,664141,2022,28,144.0,646,580,157,17,147,54,75,85,0,0,3,12,2,4.69,
Valdez, Framber,664285,2022,31,201.1,827,745,166,11,194,67,63,71,0,0,17,6,1,2.82,
Javier, Cristian,664299,2022,30,148.2,585,524,89,17,194,52,42,44,0,0,11,9,1,2.54,
Urquidy, Jose,664353,2022,29,164.1,681,630,154,29,134,38,72,74,0,0,13,8,0,3.94,
Kremer, Dean,665152,2022,22,125.1,512,469,123,11,87,34,45,48,0,0,8,7,0,3.23,
Manoah, Alek,666201,2022,31,196.2,786,713,144,16,180,51,49,55,0,0,16,7,0,2.24,
Plesac, Zach,668676,2022,25,131.2,568,524,136,19,100,38,63,74,0,0,3,12,0,4.31,
Gallen, Zac,668678,2022,31,184.0,714,651,121,15,192,47,52,56,0,0,12,4,0,2.54,
Greene, Hunter,668881,2022,24,125.2,531,469,104,24,164,48,62,64,0,0,5,13,0,4.44,
Wilson, Bryse,669060,2022,25,115.2,509,460,132,20,79,32,71,80,0,0,3,9,0,5.52,
Burnes, Corbin,669203,2022,33,202.0,797,731,144,23,243,51,66,73,0,0,12,8,0,2.94,
Gilbert, Logan,669302,2022,32,185.2,766,702,170,19,174,49,66,71,0,0,13,6,0,3.20,
Bieber, Shane,669456,2022,31,200.0,791,747,172,18,198,36,64,70,0,0,13,8,1,2.88,
Kirby, George,669923,2022,25,130.0,542,511,135,13,133,22,49,54,0,0,8,5,0,3.39,
Detmers, Reid,672282,2022,25,129.0,539,477,110,13,122,46,54,56,0,0,7,6,0,3.77,
Strider, Spencer,675911,2022,31,131.2,528,478,86,7,202,45,39,42,0,1,11,5,0,2.67,
Garcia, Luis,677651,2022,28,157.1,643,589,131,23,157,47,65,70,0,0,15,8,1,3.72,
Gray, Josiah,680686,2022,28,148.2,649,569,136,38,154,66,83,84,0,0,7,10,0,5.02,
Bradish, Kyle,680694,2022,23,117.2,509,449,119,17,111,46,64,68,0,0,4,7,0,4.90,
Greinke, Zack,425844,2023,15,76.2,316,301,80,14,58,10,41,43,0,0,1,7,0,4.81,
Kluber, Corey,446372,2023,14,52.0,243,219,64,14,40,20,39,43,0,0,3,6,0,6.75,
Hill, Rich,448179,2023,14,77.1,336,304,79,11,72,29,37,42,0,0,6,6,1,4.31,
Morton, Charlie,450203,2023,14,80.0,355,309,80,9,93,36,33,37,0,0,6,6,2,3.71,
Scherzer, Max,453286,2023,12,64.2,265,245,60,11,68,15,29,30,0,0,6,2,0,4.04,
Lynn, Lance,458681,2023,15,84.1,379,341,94,18,102,33,61,66,0,0,4,8,0,6.51,
Kershaw, Clayton,477132,2023,14,82.1,334,310,70,12,98,21,27,30,0,0,8,4,2,2.95,
Gibson, Kyle,502043,2023,15,89.0,368,333,86,7,65,27,39,39,0,0,8,4,0,3.94,
Cobb, Alex,502171,2023,14,78.2,338,314,87,6,76,21,27,28,0,0,5,2,3,3.09,
Darvish, Yu,506433,2023,13,74.0,304,274,66,10,79,22,39,40,0,0,5,5,1,4.74,
Kelly, Merrill,518876,2023,15,90.0,354,315,61,9,96,35,29,33,0,0,9,3,2,2.90,
Sale, Chris,519242,2023,11,59.0,249,226,55,8,71,15,30,31,0,0,5,2,0,4.58,
Perez, Martin,527048,2023,14,77.1,339,309,90,12,54,26,39,42,0,0,6,3,2,4.54,
Anderson, Tyler,542881,2023,13,68.2,311,270,78,8,51,31,43,45,0,0,4,1,1,5.64,
Cole, Gerrit,543037,2023,15,91.2,371,336,73,9,98,29,28,30,0,0,7,1,0,2.75,
DeSclafani, Anthony,543101,2023,14,79.1,329,304,77,8,60,17,38,43,0,0,4,6,0,4.31,
Eovaldi, Nathan,543135,2023,14,93.2,361,337,73,6,92,19,27,28,0,0,9,3,0,2.59,
Gray, Sonny,543243,2023,14,76.0,319,286,67,1,79,30,20,20,0,0,4,1,1,2.37,
Lyles, Jordan,543475,2023,15,85.2,367,333,81,18,62,29,64,69,0,0,0,11,0,6.72,
Lorenzen, Michael,547179,2023,11,66.0,263,242,57,10,47,15,31,33,0,0,2,4,1,4.23,
Wheeler, Zack,554430,2023,15,88.0,368,338,78,5,98,20,34,38,0,0,6,4,0,3.48,
Boyd, Matthew,571510,2023,13,64.1,277,250,62,10,64,25,40,43,0,0,4,5,0,5.60,
Corbin, Patrick,571578,2023,15,84.2,382,352,108,13,54,26,46,52,0,0,4,8,0,4.89,
Heaney, Andrew,571760,2023,14,72.1,309,270,62,12,76,31,32,36,0,0,5,4,0,3.98,
Matz, Steven,571927,2023,15,57.1,262,237,75,8,52,20,35,37,0,0,0,7,2,5.49,
Mikolas, Miles,571945,2023,15,86.2,379,349,100,9,63,18,42,43,0,0,4,4,0,4.36,
Stroman, Marcus,573186,2023,15,91.2,361,325,62,5,78,33,25,26,0,0,8,4,0,2.45,
Kikuchi, Yusei,579328,2023,14,71.0,305,280,74,19,71,23,34,35,0,0,6,2,0,4.31,
Gausman, Kevin,592332,2023,15,92.2,376,350,81,9,121,24,31,36,0,0,6,3,0,3.01,
Gray, Jon,592351,2023,13,76.0,299,265,57,9,65,23,25,26,0,0,6,2,0,2.96,
Smyly, Drew,592767,2023,15,82.2,346,313,75,11,69,26,31,35,0,0,7,4,1,3.38,
Syndergaard, Noah,592789,2023,12,55.1,246,227,71,12,38,9,44,44,0,0,1,4,0,7.16,
Taillon, Jameson,592791,2023,12,53.2,239,216,64,10,45,19,40,43,0,0,2,5,0,6.71,
Walker, Taijuan,592836,2023,15,77.1,321,286,68,10,66,31,37,37,0,0,7,3,1,4.31,
Williams, Trevor,592866,2023,14,70.0,308,277,75,14,54,24,35,42,0,0,3,4,1,4.50,
German, Domingo,593334,2023,13,69.0,282,254,52,11,65,23,33,35,0,0,4,4,0,4.30,
Rodriguez, Eduardo,593958,2023,11,67.2,263,244,50,6,67,16,16,18,0,0,4,4,0,2.13,
Weaver, Luke,596133,2023,11,57.0,256,235,71,13,50,17,41,41,0,0,1,2,0,6.47,
Gomber, Austin,596295,2023,15,72.0,325,294,90,19,50,28,58,59,0,0,4,7,0,7.25,
Pivetta, Nick,601713,2023,18,56.1,249,217,51,10,60,26,32,36,0,0,4,4,1,5.11,
Bassitt, Chris,605135,2023,15,88.2,373,334,76,15,77,30,41,48,0,0,7,5,2,4.16,
Clevinger, Mike,605182,2023,12,62.2,274,242,59,9,53,26,27,27,0,0,3,4,0,3.88,
Musgrove, Joe,605397,2023,10,53.1,230,208,55,7,48,15,25,27,0,0,5,2,0,4.22,
Nola, Aaron,605400,2023,15,94.2,381,352,80,15,93,24,49,53,0,0,6,5,0,4.66,
Snell, Blake,605483,2023,14,75.0,318,275,57,10,93,40,29,30,0,0,3,6,0,3.48,
Rea, Colin,607067,2023,12,57.1,241,212,50,9,52,22,30,30,0,0,3,4,0,4.71,
Martinez, Nick,607259,2023,27,55.2,231,210,51,5,46,19,19,21,1,2,3,2,0,3.07,
Freeland, Kyle,607536,2023,15,80.1,336,310,86,12,50,22,40,45,0,0,4,8,0,4.48,
Giolito, Lucas,608337,2023,15,86.1,363,329,79,13,89,28,34,36,0,0,5,4,0,3.54,
Wacha, Michael,608379,2023,14,80.2,322,297,62,8,69,23,26,26,0,0,7,2,1,2.90,
Quantrill, Cal,615698,2023,11,59.1,265,236,64,7,34,20,37,38,0,0,2,4,0,5.61,
Kaprielian, James,621076,2023,13,55.0,256,218,60,8,49,30,39,41,0,1,2,6,0,6.38,
Eflin, Zach,621107,2023,13,77.1,302,286,64,8,77,13,28,28,0,0,8,3,0,3.26,
Berrios, Jose,621244,2023,15,89.0,368,335,82,9,79,26,36,38,0,0,7,5,1,3.64,
Castillo, Luis,622491,2023,14,82.1,331,303,61,9,98,23,25,29,0,0,4,5,0,2.73,
Urias, Julio,628711,2023,10,55.1,227,212,53,14,53,11,27,28,0,0,5,4,0,4.39,
Lopez, Pablo,641154,2023,15,90.0,373,337,77,11,110,26,44,45,0,0,3,4,0,4.40,
Cortes Jr., Nestor,641482,2023,11,59.1,252,229,58,10,59,19,34,35,0,0,5,2,0,5.16,
Dunning, Dane,641540,2023,16,64.2,267,242,58,4,39,19,20,22,0,0,6,1,0,2.78,
Peralta, Freddy,642547,2023,14,76.1,330,295,71,14,84,30,39,45,0,0,5,6,0,4.60,
Alcantara, Sandy,645261,2023,14,88.2,371,333,81,8,72,27,49,51,0,0,2,5,0,4.97,
Canning, Griffin,656288,2023,11,59.1,249,227,55,11,55,17,29,30,0,0,5,2,0,4.40,
Cease, Dylan,656302,2023,15,79.1,347,303,69,9,91,37,38,43,0,0,3,3,0,4.31,
Flaherty, Jack,656427,2023,15,80.0,357,300,84,6,80,44,44,46,0,0,4,5,0,4.95,
Houck, Tanner,656557,2023,13,67.2,285,255,62,9,64,23,38,39,0,0,3,6,0,5.05,
Keller, Mitch,656605,2023,15,92.0,382,348,79,10,108,26,37,41,0,0,8,3,1,3.62,
Kopech, Michael,656629,2023,14,78.0,333,283,60,15,89,39,34,34,0,0,3,5,0,3.92,
Megill, Tylor,656731,2023,14,69.0,312,272,76,9,56,35,37,44,0,0,6,4,0,4.83,
Montgomery, Jordan,656756,2023,14,78.1,338,313,84,8,73,21,34,38,0,0,3,7,0,3.91,
Steele, Justin,657006,2023,13,73.0,292,266,61,3,62,17,22,25,0,0,7,2,1,2.71,
Webb, Logan,657277,2023,15,98.1,392,368,90,12,96,19,34,37,0,0,6,6,0,3.11,
Schmidt, Clarke,657376,2023,15,71.2,313,285,80,11,73,22,37,42,0,0,2,6,1,4.65,
Ryan, Joe,657746,2023,14,84.2,336,315,67,8,91,15,31,33,0,0,7,4,0,3.30,
Seabold, Connor,657756,2023,16,56.2,258,228,65,11,43,19,37,40,0,0,1,3,0,5.88,
Ohtani, Shohei,660271,2023,14,82.0,331,286,51,11,105,35,30,32,0,0,6,2,0,3.29,
McClanahan, Shane,663556,2023,15,89.1,356,323,65,10,97,33,21,21,0,0,11,1,0,2.12,
Sandoval, Patrick,663776,2023,13,70.2,312,277,71,5,54,29,32,36,0,0,4,6,0,4.08,
Singer, Brady,663903,2023,14,69.2,319,283,84,9,65,28,49,51,0,0,4,6,0,6.33,
Valdez, Framber,664285,2023,14,91.0,362,333,74,6,95,20,23,28,0,0,6,5,0,2.27,
Javier, Cristian,664299,2023,14,80.2,320,297,65,9,76,19,26,27,0,0,7,1,0,2.90,
Kremer, Dean,665152,2023,15,81.0,347,323,93,14,72,21,41,43,0,0,8,3,0,4.56,
Cabrera, Edward,665795,2023,14,67.0,291,246,53,9,84,41,35,35,0,0,5,5,3,4.70,
Garrett, Braxton,666129,2023,14,69.2,290,273,71,9,77,14,30,30,0,0,3,2,0,3.88,
Luzardo, Jesus,666200,2023,15,83.2,349,322,83,11,94,22,38,40,0,0,6,5,0,4.09,
Manoah, Alek,666201,2023,13,58.0,282,235,68,11,48,42,41,45,0,0,1,7,2,6.36,
Muller, Kyle,666205,2023,10,47.0,230,198,69,9,33,23,42,42,0,0,1,4,0,8.04,
Wentz, Joey,666214,2023,14,62.0,278,252,72,12,57,25,47,47,0,0,1,7,2,6.82,
Gallen, Zac,668678,2023,15,91.1,370,348,84,5,100,19,30,35,0,0,8,2,1,2.96,
Greene, Hunter,668881,2023,14,73.1,318,282,68,9,100,31,32,34,0,0,2,4,0,3.93,
Ashcraft, Graham,668933,2023,13,65.0,297,260,75,9,50,30,49,50,0,0,3,5,1,6.78,
Gore, MacKenzie,669022,2023,14,74.2,316,281,71,11,87,32,31,31,0,0,3,5,0,3.74,
Nelson, Ryne,669194,2023,14,71.1,313,280,84,9,46,26,42,43,0,0,3,4,1,5.30,
Burnes, Corbin,669203,2023,15,88.2,366,328,71,12,86,31,39,43,0,0,5,5,0,3.96,
Gilbert, Logan,669302,2023,14,79.1,323,301,69,11,84,16,38,41,0,0,4,4,0,4.31,
Wells, Tyler,669330,2023,14,81.2,314,295,54,16,82,16,29,29,0,0,6,2,2,3.20,
Bieber, Shane,669456,2023,15,95.0,394,363,91,11,69,25,37,38,0,0,5,4,1,3.51,
Wesneski, Hayden,669713,2023,12,53.2,227,207,53,13,42,13,31,35,0,0,2,3,0,5.20,
Kirby, George,669923,2023,13,80.2,323,312,80,8,71,6,29,30,0,0,6,5,0,3.24,
Oviedo, Johan,670912,2023,14,75.2,344,300,76,5,71,35,37,41,0,0,3,6,1,4.40,
Allen, Logan,671106,2023,10,54.2,241,219,61,6,53,19,24,25,0,0,3,2,0,3.95,
Detmers, Reid,672282,2023,12,62.1,274,244,65,6,76,26,31,36,0,0,1,5,0,4.48,
Contreras, Roansy,672710,2023,14,59.2,262,231,65,7,45,27,42,42,0,0,3,6,0,6.34,
Senga, Kodai,673540,2023,13,71.1,307,265,54,9,87,41,28,30,0,0,6,4,1,3.53,
Henry, Tommy,674072,2023,11,56.0,239,215,56,10,36,22,29,29,0,0,3,1,0,4.66,
Strider, Spencer,675911,2023,14,78.2,324,290,59,12,127,30,36,39,0,0,7,2,2,4.12,
Bibee, Tanner,676440,2023,10,53.1,228,206,53,6,51,17,24,25,0,0,3,2,0,4.05,
Sears, JP,676664,2023,14,76.1,311,285,65,17,72,16,36,37,0,0,1,4,0,4.24,
Bello, Brayan,678394,2023,11,59.1,257,231,57,7,57,20,23,25,0,0,4,4,0,3.49,
Gray, Josiah,680686,2023,15,84.0,361,318,79,12,72,38,34,35,0,0,4,6,0,3.64,
Bradish, Kyle,680694,2023,12,60.0,251,230,60,6,52,16,26,27,0,0,2,3,0,3.90,
Waldichuk, Ken,686610,2023,16,59.2,291,244,77,14,56,39,44,48,1,0,1,5,0,6.64,
Brown, Hunter,686613,2023,14,81.0,332,299,71,8,90,28,34,38,0,0,6,4,0,3.78,
Varland, Louie,686973,2023,10,56.0,241,222,60,14,54,16,33,33,0,0,3,3,0,5.30,
Elder, Bryce,693821,2023,14,83.0,334,308,73,8,69,22,24,25,0,0,5,1,1,2.60,